"number_answers_after_best","class","class2","id"
1,top_10_15,outstanding,"7,267"
1,top_5_10,outstanding,"11,025"
1,top_5,outstanding,"11,820"
1,ordinary,ordinary,"20,864"
3,top_5,outstanding,"8,946"
3,top_5,outstanding,"16,227"
2,top_5,outstanding,"20,284"
1,ordinary,ordinary,"20,719"
1,top_10_15,outstanding,"10,490"
1,ordinary,ordinary,"7,633"
1,ordinary,ordinary,"6,890"
1,ordinary,ordinary,"26,966"
1,ordinary,ordinary,"23,396"
2,ordinary,ordinary,"15,064"
1,ordinary,ordinary,"17,606"
1,ordinary,ordinary,"21,973"
3,top_5,outstanding,"7,604"
1,ordinary,ordinary,"8,230"
1,ordinary,ordinary,"9,229"
1,ordinary,ordinary,"12,929"
1,ordinary,ordinary,"8,500"
1,top_10_15,outstanding,"6,921"
1,top_10_15,outstanding,"18,740"
1,top_5_10,outstanding,"6,773"
1,top_5,outstanding,"14,448"
6,top_5,outstanding,"8,006"
1,ordinary,ordinary,"27,145"
1,ordinary,ordinary,"12,421"
1,ordinary,ordinary,"8,856"
1,ordinary,ordinary,"9,566"
1,ordinary,ordinary,"17,547"
4,top_10_15,outstanding,"7,675"
1,ordinary,ordinary,"13,443"
1,ordinary,ordinary,"16,711"
1,ordinary,ordinary,"28,505"
1,top_5,outstanding,"6,894"
1,top_10_15,outstanding,"6,995"
1,ordinary,ordinary,"27,826"
1,ordinary,ordinary,"13,547"
1,ordinary,ordinary,"18,612"
1,ordinary,ordinary,"15,662"
9,top_5,outstanding,"6,918"
2,top_5,outstanding,"15,540"
5,top_5,outstanding,"9,381"
10,top_5,outstanding,"9,409"
1,ordinary,ordinary,"17,267"
1,ordinary,ordinary,"7,854"
2,top_5,outstanding,"10,672"
1,top_5,outstanding,"10,371"
1,top_5_10,outstanding,"6,983"
1,top_10_15,outstanding,"9,163"
1,ordinary,ordinary,"9,266"
1,ordinary,ordinary,"20,908"
4,top_5,outstanding,"6,805"
4,top_5,outstanding,"6,926"
1,top_5_10,outstanding,"7,338"
2,ordinary,ordinary,"10,687"
1,top_5_10,outstanding,"18,454"
1,ordinary,ordinary,"9,860"
2,ordinary,ordinary,"16,785"
11,top_5,outstanding,"11,103"
1,top_5_10,outstanding,"7,658"
1,ordinary,ordinary,"9,854"
1,ordinary,ordinary,"9,945"
1,ordinary,ordinary,"9,486"
2,ordinary,ordinary,"6,917"
1,ordinary,ordinary,"9,109"
1,top_5,outstanding,"16,242"
1,ordinary,ordinary,"9,329"
1,ordinary,ordinary,"11,644"
2,top_5,outstanding,"7,200"
2,top_5,outstanding,"13,379"
1,ordinary,ordinary,"19,225"
1,ordinary,ordinary,"12,880"
3,ordinary,ordinary,"17,863"
1,ordinary,ordinary,"6,969"
1,top_5,outstanding,"9,273"
3,top_5,outstanding,"7,819"
1,top_5_10,outstanding,"11,792"
1,ordinary,ordinary,"14,369"
1,ordinary,ordinary,"14,958"
1,ordinary,ordinary,"15,018"
1,ordinary,ordinary,"24,506"
1,ordinary,ordinary,"9,827"
6,top_5,outstanding,"20,136"
1,ordinary,ordinary,"20,599"
1,ordinary,ordinary,"12,638"
1,ordinary,ordinary,"15,468"
1,top_5_10,outstanding,"17,607"
1,top_10_15,outstanding,"13,023"
1,ordinary,ordinary,"9,953"
1,ordinary,ordinary,"6,720"
1,top_5,outstanding,"11,770"
6,top_5,outstanding,"6,725"
1,ordinary,ordinary,"6,899"
1,top_5,outstanding,"7,168"
5,top_5,outstanding,"15,449"
1,top_5_10,outstanding,"8,355"
1,ordinary,ordinary,"17,924"
1,ordinary,ordinary,"28,135"
1,ordinary,ordinary,"10,458"
1,top_10_15,outstanding,"12,991"
1,ordinary,ordinary,"17,492"
2,top_5,outstanding,"7,802"
1,ordinary,ordinary,"14,868"
1,top_5,outstanding,"21,592"
1,top_5,outstanding,"7,588"
1,top_5_10,outstanding,"20,335"
1,ordinary,ordinary,"7,339"
1,ordinary,ordinary,"9,349"
1,top_5_10,outstanding,"15,646"
1,ordinary,ordinary,"14,635"
4,top_5,outstanding,"16,076"
1,ordinary,ordinary,"9,847"
1,top_10_15,outstanding,"12,024"
1,ordinary,ordinary,"8,297"
3,top_5,outstanding,"11,617"
1,top_5,outstanding,"15,244"
17,top_5,outstanding,"7,885"
1,top_10_15,outstanding,"10,984"
1,top_5,outstanding,"14,286"
10,top_5,outstanding,"10,214"
1,top_5,outstanding,"13,208"
1,ordinary,ordinary,"14,545"
1,top_10_15,outstanding,"15,175"
1,ordinary,ordinary,"18,357"
1,ordinary,ordinary,"21,710"
4,top_5,outstanding,"6,989"
1,top_5,outstanding,"25,065"
1,ordinary,ordinary,"26,447"
5,top_5,outstanding,"6,858"
1,ordinary,ordinary,"28,030"
1,ordinary,ordinary,"26,124"
1,top_5_10,outstanding,"8,387"
1,ordinary,ordinary,"9,855"
1,top_5,outstanding,"7,301"
1,ordinary,ordinary,"11,764"
1,top_5_10,outstanding,"15,319"
9,top_5,outstanding,"7,064"
1,top_5,outstanding,"14,386"
1,top_10_15,outstanding,"7,470"
2,top_5,outstanding,"14,197"
1,ordinary,ordinary,"10,154"
2,top_5,outstanding,"17,590"
1,ordinary,ordinary,"10,150"
1,ordinary,ordinary,"7,988"
1,top_5,outstanding,"18,566"
2,top_5,outstanding,"8,586"
2,top_5,outstanding,"6,962"
1,ordinary,ordinary,"14,350"
1,top_5,outstanding,"6,745"
1,ordinary,ordinary,"19,244"
1,ordinary,ordinary,"10,681"
1,ordinary,ordinary,"8,060"
1,top_5_10,outstanding,"11,835"
1,ordinary,ordinary,"14,938"
1,top_5,outstanding,"8,925"
3,top_5_10,outstanding,"28,128"
1,ordinary,ordinary,"14,779"
1,ordinary,ordinary,"17,345"
4,top_5,outstanding,"8,998"
1,ordinary,ordinary,"9,881"
1,ordinary,ordinary,"13,931"
1,ordinary,ordinary,"19,633"
1,ordinary,ordinary,"18,494"
1,top_5,outstanding,"14,860"
1,ordinary,ordinary,"8,871"
7,top_5,outstanding,"15,940"
1,ordinary,ordinary,"19,828"
1,ordinary,ordinary,"11,803"
1,ordinary,ordinary,"28,171"
1,ordinary,ordinary,"20,472"
1,ordinary,ordinary,"11,474"
1,ordinary,ordinary,"15,668"
1,ordinary,ordinary,"9,594"
2,top_5_10,outstanding,"13,546"
1,ordinary,ordinary,"17,457"
1,top_5_10,outstanding,"19,894"
1,ordinary,ordinary,"22,758"
1,ordinary,ordinary,"10,340"
1,ordinary,ordinary,"19,822"
1,ordinary,ordinary,"10,977"
1,ordinary,ordinary,"27,270"
6,top_5,outstanding,"7,123"
1,ordinary,ordinary,"11,975"
1,ordinary,ordinary,"19,869"
5,top_5,outstanding,"14,576"
1,top_5_10,outstanding,"7,570"
1,ordinary,ordinary,"12,214"
1,ordinary,ordinary,"18,252"
1,ordinary,ordinary,"26,984"
1,ordinary,ordinary,"12,290"
1,top_5_10,outstanding,"11,866"
3,top_5,outstanding,"21,612"
1,top_5,outstanding,"26,162"
2,ordinary,ordinary,"18,368"
2,ordinary,ordinary,"16,856"
1,top_5,outstanding,"20,088"
1,ordinary,ordinary,"9,734"
1,ordinary,ordinary,"15,527"
1,top_5,outstanding,"7,835"
1,ordinary,ordinary,"18,194"
1,ordinary,ordinary,"9,520"
1,ordinary,ordinary,"10,731"
1,ordinary,ordinary,"19,990"
1,ordinary,ordinary,"23,592"
8,top_5,outstanding,"11,448"
1,ordinary,ordinary,"20,652"
2,top_5,outstanding,"6,722"
1,top_5_10,outstanding,"9,406"
1,top_5_10,outstanding,"7,030"
1,ordinary,ordinary,"14,524"
10,top_5,outstanding,"7,111"
3,top_5,outstanding,"15,029"
1,ordinary,ordinary,"20,205"
2,ordinary,ordinary,"21,706"
3,top_5,outstanding,"7,943"
1,ordinary,ordinary,"8,193"
1,ordinary,ordinary,"7,536"
1,ordinary,ordinary,"8,544"
1,top_5,outstanding,"7,719"
2,top_5_10,outstanding,"13,273"
5,top_5_10,outstanding,"10,728"
1,ordinary,ordinary,"17,678"
2,top_5,outstanding,"21,626"
1,top_10_15,outstanding,"7,669"
1,ordinary,ordinary,"16,487"
1,ordinary,ordinary,"24,911"
11,top_5,outstanding,"16,394"
1,ordinary,ordinary,"13,054"
1,ordinary,ordinary,"21,750"
6,top_5,outstanding,"14,070"
2,top_5_10,outstanding,"9,145"
1,ordinary,ordinary,"6,843"
1,ordinary,ordinary,"14,319"
2,ordinary,ordinary,"9,357"
1,top_10_15,outstanding,"10,811"
1,ordinary,ordinary,"12,525"
1,ordinary,ordinary,"9,982"
6,top_5_10,outstanding,"10,788"
1,top_5,outstanding,"14,687"
1,ordinary,ordinary,"9,843"
1,top_5_10,outstanding,"10,801"
1,ordinary,ordinary,"7,125"
29,top_5,outstanding,"20,587"
1,ordinary,ordinary,"10,090"
1,top_5,outstanding,"20,608"
1,ordinary,ordinary,"13,189"
1,top_5_10,outstanding,"7,754"
1,ordinary,ordinary,"11,323"
1,ordinary,ordinary,"11,397"
2,top_5,outstanding,"7,082"
1,ordinary,ordinary,"24,841"
1,ordinary,ordinary,"14,090"
1,ordinary,ordinary,"21,341"
2,top_10_15,outstanding,"13,438"
1,ordinary,ordinary,"17,082"
1,ordinary,ordinary,"15,000"
1,ordinary,ordinary,"15,129"
1,top_5,outstanding,"23,713"
1,ordinary,ordinary,"15,897"
2,top_5_10,outstanding,"23,241"
1,top_5,outstanding,"6,893"
1,ordinary,ordinary,"11,187"
1,top_5,outstanding,"14,405"
2,ordinary,ordinary,"15,802"
1,ordinary,ordinary,"24,990"
1,ordinary,ordinary,"27,484"
5,top_5,outstanding,"6,776"
1,ordinary,ordinary,"16,008"
1,top_10_15,outstanding,"24,920"
1,top_5,outstanding,"13,163"
1,ordinary,ordinary,"23,524"
1,top_5,outstanding,"8,711"
1,top_5_10,outstanding,"8,089"
52,top_5,outstanding,"8,774"
1,ordinary,ordinary,"13,392"
2,top_10_15,outstanding,"15,361"
1,ordinary,ordinary,"8,933"
1,ordinary,ordinary,"22,938"
1,ordinary,ordinary,"21,228"
1,ordinary,ordinary,"22,824"
1,ordinary,ordinary,"23,088"
3,top_5,outstanding,"8,124"
6,top_5,outstanding,"8,867"
1,ordinary,ordinary,"7,884"
1,ordinary,ordinary,"15,667"
1,ordinary,ordinary,"9,798"
5,top_5,outstanding,"7,726"
1,top_5,outstanding,"16,967"
2,ordinary,ordinary,"20,737"
2,ordinary,ordinary,"15,530"
1,top_5,outstanding,"6,846"
1,top_5,outstanding,"7,902"
1,ordinary,ordinary,"12,872"
1,top_10_15,outstanding,"25,485"
2,top_5_10,outstanding,"17,188"
1,top_5,outstanding,"9,239"
1,ordinary,ordinary,"10,399"
1,ordinary,ordinary,"16,312"
2,top_5_10,outstanding,"18,878"
3,top_5,outstanding,"12,594"
1,top_5_10,outstanding,"20,140"
1,ordinary,ordinary,"22,748"
3,top_5_10,outstanding,"9,602"
1,top_10_15,outstanding,"6,924"
1,ordinary,ordinary,"13,397"
2,top_5,outstanding,"7,703"
1,top_5,outstanding,"8,512"
1,ordinary,ordinary,"8,240"
1,ordinary,ordinary,"21,265"
2,ordinary,ordinary,"25,422"
1,top_10_15,outstanding,"8,076"
1,ordinary,ordinary,"10,494"
1,ordinary,ordinary,"12,802"
1,ordinary,ordinary,"20,649"
1,top_5_10,outstanding,"15,168"
1,ordinary,ordinary,"15,224"
1,ordinary,ordinary,"18,450"
1,top_10_15,outstanding,"10,711"
2,top_5,outstanding,"11,168"
1,ordinary,ordinary,"22,054"
1,ordinary,ordinary,"8,099"
1,ordinary,ordinary,"20,257"
5,top_5,outstanding,"7,102"
3,top_5_10,outstanding,"7,879"
1,ordinary,ordinary,"14,163"
1,top_5,outstanding,"17,758"
2,top_10_15,outstanding,"8,729"
1,ordinary,ordinary,"10,068"
1,ordinary,ordinary,"16,171"
1,ordinary,ordinary,"21,964"
1,top_5_10,outstanding,"7,270"
3,ordinary,ordinary,"18,243"
1,ordinary,ordinary,"19,898"
3,top_5,outstanding,"19,317"
1,ordinary,ordinary,"8,977"
1,ordinary,ordinary,"11,040"
1,ordinary,ordinary,"24,612"
1,ordinary,ordinary,"25,916"
1,ordinary,ordinary,"10,806"
2,top_10_15,outstanding,"13,059"
1,ordinary,ordinary,"15,393"
1,ordinary,ordinary,"24,749"
1,top_5,outstanding,"7,297"
1,top_5_10,outstanding,"12,096"
1,ordinary,ordinary,"19,245"
1,ordinary,ordinary,"13,466"
1,ordinary,ordinary,"19,721"
1,ordinary,ordinary,"25,101"
1,top_5_10,outstanding,"25,585"
1,ordinary,ordinary,"7,928"
3,ordinary,ordinary,"13,557"
1,ordinary,ordinary,"17,454"
1,ordinary,ordinary,"25,262"
1,ordinary,ordinary,"16,903"
2,top_5,outstanding,"25,936"
1,top_10_15,outstanding,"10,495"
2,top_5,outstanding,"26,149"
1,top_5,outstanding,"11,278"
1,ordinary,ordinary,"19,099"
1,top_5,outstanding,"7,305"
3,top_5,outstanding,"6,740"
1,ordinary,ordinary,"7,473"
2,top_10_15,outstanding,"7,814"
1,top_5_10,outstanding,"10,828"
1,ordinary,ordinary,"17,207"
1,ordinary,ordinary,"26,720"
1,ordinary,ordinary,"9,309"
1,top_5,outstanding,"8,808"
1,top_5_10,outstanding,"11,979"
1,ordinary,ordinary,"20,783"
1,ordinary,ordinary,"8,156"
1,top_5_10,outstanding,"19,260"
1,ordinary,ordinary,"20,602"
1,ordinary,ordinary,"13,558"
1,ordinary,ordinary,"21,352"
1,ordinary,ordinary,"21,418"
2,ordinary,ordinary,"21,284"
2,ordinary,ordinary,"18,339"
1,ordinary,ordinary,"22,340"
1,top_5,outstanding,"7,439"
1,ordinary,ordinary,"9,722"
4,top_5,outstanding,"7,232"
2,ordinary,ordinary,"20,416"
1,top_5_10,outstanding,"23,344"
1,ordinary,ordinary,"15,077"
4,top_5,outstanding,"22,731"
1,ordinary,ordinary,"27,141"
1,top_5,outstanding,"6,753"
1,top_5_10,outstanding,"7,836"
2,ordinary,ordinary,"16,819"
1,ordinary,ordinary,"8,850"
1,ordinary,ordinary,"19,140"
2,top_5_10,outstanding,"22,207"
1,top_5,outstanding,"7,216"
2,top_5,outstanding,"7,762"
1,ordinary,ordinary,"23,348"
1,top_10_15,outstanding,"12,181"
1,top_5_10,outstanding,"8,131"
1,ordinary,ordinary,"11,302"
1,ordinary,ordinary,"10,650"
1,ordinary,ordinary,"13,873"
1,ordinary,ordinary,"17,898"
2,top_5,outstanding,"7,386"
2,top_5_10,outstanding,"11,853"
1,top_5,outstanding,"7,591"
1,ordinary,ordinary,"10,531"
3,top_5,outstanding,"10,682"
3,ordinary,ordinary,"21,114"
1,ordinary,ordinary,"22,629"
1,ordinary,ordinary,"7,511"
2,ordinary,ordinary,"13,957"
1,ordinary,ordinary,"28,696"
1,ordinary,ordinary,"8,452"
1,top_5,outstanding,"9,640"
3,top_5,outstanding,"10,660"
1,ordinary,ordinary,"25,276"
1,ordinary,ordinary,"27,435"
2,top_5,outstanding,"11,298"
3,top_5,outstanding,"6,764"
1,ordinary,ordinary,"9,038"
1,ordinary,ordinary,"9,210"
1,ordinary,ordinary,"13,517"
1,ordinary,ordinary,"19,072"
6,top_5,outstanding,"6,768"
1,top_5,outstanding,"13,855"
1,top_5,outstanding,"6,910"
1,ordinary,ordinary,"9,715"
1,top_5,outstanding,"23,023"
1,ordinary,ordinary,"23,590"
1,ordinary,ordinary,"11,791"
1,ordinary,ordinary,"8,955"
1,ordinary,ordinary,"11,454"
1,ordinary,ordinary,"10,765"
1,ordinary,ordinary,"14,049"
1,ordinary,ordinary,"14,932"
14,top_5,outstanding,"9,932"
1,ordinary,ordinary,"22,549"
1,ordinary,ordinary,"7,613"
1,ordinary,ordinary,"18,144"
1,top_10_15,outstanding,"20,389"
8,top_5,outstanding,"6,781"
1,ordinary,ordinary,"6,920"
1,top_10_15,outstanding,"7,702"
4,top_5,outstanding,"12,115"
2,top_5,outstanding,"17,339"
3,top_5,outstanding,"7,158"
1,ordinary,ordinary,"14,991"
1,top_5_10,outstanding,"7,763"
1,ordinary,ordinary,"19,596"
1,ordinary,ordinary,"23,321"
1,ordinary,ordinary,"27,561"
26,top_5,outstanding,"9,065"
2,top_5_10,outstanding,"17,493"
1,ordinary,ordinary,"17,282"
1,ordinary,ordinary,"10,987"
1,top_5_10,outstanding,"7,848"
4,top_5,outstanding,"21,073"
1,top_5,outstanding,"11,809"
4,top_5,outstanding,"24,579"
1,ordinary,ordinary,"12,398"
1,top_5,outstanding,"10,610"
5,top_5,outstanding,"6,808"
1,top_5,outstanding,"10,888"
1,top_5,outstanding,"10,957"
1,ordinary,ordinary,"26,368"
2,top_5,outstanding,"6,892"
1,top_5_10,outstanding,"21,680"
1,top_5,outstanding,"6,876"
1,ordinary,ordinary,"17,737"
1,ordinary,ordinary,"20,871"
1,ordinary,ordinary,"17,865"
1,ordinary,ordinary,"11,324"
1,ordinary,ordinary,"16,067"
1,ordinary,ordinary,"23,844"
3,top_5,outstanding,"6,829"
1,ordinary,ordinary,"14,566"
1,top_5_10,outstanding,"11,496"
1,ordinary,ordinary,"25,536"
1,top_5_10,outstanding,"15,858"
1,ordinary,ordinary,"26,932"
2,ordinary,ordinary,"10,898"
1,top_5_10,outstanding,"14,374"
1,top_5,outstanding,"10,353"
1,ordinary,ordinary,"7,202"
3,top_5,outstanding,"8,231"
1,ordinary,ordinary,"22,193"
3,top_5_10,outstanding,"25,969"
1,ordinary,ordinary,"10,003"
1,top_10_15,outstanding,"26,121"
3,top_5,outstanding,"8,527"
1,top_5,outstanding,"10,737"
1,ordinary,ordinary,"28,791"
1,ordinary,ordinary,"7,752"
1,top_5,outstanding,"10,659"
1,ordinary,ordinary,"25,633"
1,ordinary,ordinary,"11,414"
1,top_5,outstanding,"10,663"
1,top_10_15,outstanding,"14,380"
1,top_5,outstanding,"7,446"
1,ordinary,ordinary,"15,788"
1,ordinary,ordinary,"15,754"
1,top_5_10,outstanding,"13,004"
1,ordinary,ordinary,"19,371"
1,ordinary,ordinary,"19,348"
2,top_5,outstanding,"11,108"
1,top_10_15,outstanding,"11,969"
1,ordinary,ordinary,"13,406"
1,ordinary,ordinary,"26,395"
1,top_5_10,outstanding,"9,910"
1,ordinary,ordinary,"23,068"
3,ordinary,ordinary,"16,877"
9,top_5,outstanding,"14,879"
2,ordinary,ordinary,"9,867"
1,top_10_15,outstanding,"11,776"
1,ordinary,ordinary,"12,555"
1,top_5,outstanding,"7,184"
1,top_10_15,outstanding,"7,490"
4,top_5,outstanding,"9,437"
1,top_5_10,outstanding,"9,393"
1,ordinary,ordinary,"10,364"
2,top_5,outstanding,"15,964"
1,top_5_10,outstanding,"8,962"
1,ordinary,ordinary,"12,032"
1,ordinary,ordinary,"25,066"
1,ordinary,ordinary,"16,326"
1,top_5,outstanding,"15,935"
1,ordinary,ordinary,"20,002"
2,top_5,outstanding,"14,604"
1,ordinary,ordinary,"8,655"
1,ordinary,ordinary,"9,168"
1,ordinary,ordinary,"9,999"
1,ordinary,ordinary,"22,644"
1,ordinary,ordinary,"15,072"
1,ordinary,ordinary,"17,840"
1,ordinary,ordinary,"25,717"
1,ordinary,ordinary,"21,921"
1,ordinary,ordinary,"13,458"
4,top_5,outstanding,"6,906"
1,ordinary,ordinary,"26,360"
1,top_5_10,outstanding,"11,507"
1,ordinary,ordinary,"10,839"
1,ordinary,ordinary,"8,482"
3,top_5_10,outstanding,"10,967"
1,top_5,outstanding,"7,044"
1,top_5_10,outstanding,"7,444"
1,ordinary,ordinary,"8,483"
1,top_5_10,outstanding,"11,350"
4,top_5,outstanding,"14,852"
1,ordinary,ordinary,"17,934"
1,top_5,outstanding,"13,575"
3,top_10_15,outstanding,"9,344"
1,ordinary,ordinary,"23,670"
1,ordinary,ordinary,"19,281"
1,ordinary,ordinary,"20,211"
1,ordinary,ordinary,"18,180"
3,top_5_10,outstanding,"7,241"
1,ordinary,ordinary,"9,864"
1,ordinary,ordinary,"7,533"
3,ordinary,ordinary,"8,258"
1,ordinary,ordinary,"18,230"
1,ordinary,ordinary,"10,500"
11,top_5,outstanding,"17,620"
1,top_10_15,outstanding,"9,555"
1,ordinary,ordinary,"11,097"
10,top_5,outstanding,"15,596"
14,top_5,outstanding,"10,171"
1,ordinary,ordinary,"24,720"
2,top_5,outstanding,"10,965"
30,top_5,outstanding,"19,500"
4,top_5_10,outstanding,"23,711"
1,ordinary,ordinary,"14,240"
1,top_5,outstanding,"13,129"
6,top_5,outstanding,"9,387"
1,ordinary,ordinary,"8,716"
1,ordinary,ordinary,"13,874"
1,ordinary,ordinary,"21,060"
1,ordinary,ordinary,"17,278"
1,ordinary,ordinary,"9,286"
2,top_5,outstanding,"9,410"
1,ordinary,ordinary,"19,937"
3,top_5,outstanding,"6,938"
1,top_5_10,outstanding,"10,127"
1,top_5_10,outstanding,"22,118"
2,top_5,outstanding,"6,838"
2,top_5_10,outstanding,"16,139"
1,ordinary,ordinary,"18,941"
1,ordinary,ordinary,"25,080"
1,ordinary,ordinary,"20,021"
2,top_5,outstanding,"23,106"
9,top_5,outstanding,"7,193"
3,ordinary,ordinary,"14,114"
1,ordinary,ordinary,"20,126"
1,ordinary,ordinary,"11,784"
1,ordinary,ordinary,"8,367"
1,ordinary,ordinary,"20,705"
1,ordinary,ordinary,"19,482"
5,top_10_15,outstanding,"9,631"
1,ordinary,ordinary,"11,183"
3,top_5,outstanding,"18,898"
1,top_5,outstanding,"8,771"
1,ordinary,ordinary,"17,215"
1,ordinary,ordinary,"16,233"
1,top_5,outstanding,"9,032"
1,top_5_10,outstanding,"16,440"
1,ordinary,ordinary,"18,967"
1,ordinary,ordinary,"8,988"
1,top_5_10,outstanding,"14,995"
6,top_5,outstanding,"7,198"
1,ordinary,ordinary,"25,078"
1,ordinary,ordinary,"22,401"
1,ordinary,ordinary,"9,446"
1,ordinary,ordinary,"10,452"
10,top_5,outstanding,"12,161"
1,ordinary,ordinary,"10,773"
1,ordinary,ordinary,"18,209"
1,ordinary,ordinary,"14,014"
1,top_10_15,outstanding,"21,498"
1,top_5,outstanding,"14,577"
1,top_10_15,outstanding,"7,359"
1,ordinary,ordinary,"10,986"
1,ordinary,ordinary,"23,921"
1,ordinary,ordinary,"24,953"
2,top_5,outstanding,"8,141"
4,ordinary,ordinary,"9,842"
1,ordinary,ordinary,"11,982"
1,ordinary,ordinary,"17,465"
3,top_5_10,outstanding,"15,801"
1,ordinary,ordinary,"23,150"
1,ordinary,ordinary,"8,016"
2,top_5,outstanding,"14,529"
1,top_10_15,outstanding,"8,601"
1,top_10_15,outstanding,"7,166"
1,top_10_15,outstanding,"7,234"
1,ordinary,ordinary,"13,685"
1,top_5_10,outstanding,"21,692"
1,ordinary,ordinary,"9,078"
1,ordinary,ordinary,"19,975"
1,ordinary,ordinary,"7,629"
1,ordinary,ordinary,"8,528"
2,top_5,outstanding,"14,057"
5,top_5,outstanding,"17,472"
2,top_5,outstanding,"17,732"
1,top_5_10,outstanding,"18,757"
1,ordinary,ordinary,"20,481"
35,top_5,outstanding,"13,299"
1,ordinary,ordinary,"25,384"
1,ordinary,ordinary,"28,384"
1,ordinary,ordinary,"11,927"
1,ordinary,ordinary,"9,113"
1,top_5,outstanding,"6,925"
11,top_5,outstanding,"7,565"
6,top_5,outstanding,"23,877"
1,ordinary,ordinary,"25,671"
1,ordinary,ordinary,"9,443"
1,ordinary,ordinary,"13,384"
1,ordinary,ordinary,"25,387"
17,top_5,outstanding,"8,135"
1,ordinary,ordinary,"18,417"
1,top_5_10,outstanding,"10,136"
1,ordinary,ordinary,"7,289"
1,ordinary,ordinary,"12,735"
1,ordinary,ordinary,"21,365"
3,top_5,outstanding,"11,273"
1,top_5_10,outstanding,"11,326"
1,top_5,outstanding,"11,518"
1,ordinary,ordinary,"17,819"
12,top_5,outstanding,"13,693"
3,top_5,outstanding,"14,785"
1,top_5_10,outstanding,"12,687"
2,top_5,outstanding,"19,912"
1,ordinary,ordinary,"22,090"
1,ordinary,ordinary,"7,546"
1,ordinary,ordinary,"12,304"
2,top_5,outstanding,"6,755"
2,top_5,outstanding,"13,002"
1,ordinary,ordinary,"9,002"
1,top_5,outstanding,"18,336"
1,top_10_15,outstanding,"10,734"
1,ordinary,ordinary,"8,727"
1,ordinary,ordinary,"12,765"
3,top_5_10,outstanding,"7,028"
13,top_5,outstanding,"8,423"
1,ordinary,ordinary,"26,168"
1,ordinary,ordinary,"9,913"
1,ordinary,ordinary,"7,755"
1,ordinary,ordinary,"14,795"
1,ordinary,ordinary,"28,312"
1,top_5,outstanding,"7,942"
1,ordinary,ordinary,"12,599"
1,top_10_15,outstanding,"21,866"
1,ordinary,ordinary,"28,472"
2,top_10_15,outstanding,"12,159"
2,top_5_10,outstanding,"13,035"
2,ordinary,ordinary,"14,565"
1,top_5_10,outstanding,"6,810"
1,ordinary,ordinary,"27,420"
1,top_5_10,outstanding,"14,054"
1,top_5,outstanding,"9,013"
1,ordinary,ordinary,"15,847"
1,ordinary,ordinary,"11,873"
2,ordinary,ordinary,"15,875"
3,ordinary,ordinary,"16,881"
1,top_10_15,outstanding,"19,520"
1,ordinary,ordinary,"14,071"
1,top_5_10,outstanding,"18,938"
1,ordinary,ordinary,"27,591"
1,ordinary,ordinary,"12,172"
1,ordinary,ordinary,"24,272"
1,ordinary,ordinary,"12,761"
1,ordinary,ordinary,"12,842"
1,ordinary,ordinary,"24,748"
1,ordinary,ordinary,"10,279"
1,ordinary,ordinary,"10,937"
5,top_5,outstanding,"14,001"
1,ordinary,ordinary,"24,395"
1,top_5_10,outstanding,"19,969"
1,ordinary,ordinary,"27,854"
7,top_5,outstanding,"6,765"
2,ordinary,ordinary,"12,992"
1,ordinary,ordinary,"18,364"
1,ordinary,ordinary,"8,164"
1,top_5,outstanding,"18,008"
4,top_5,outstanding,"7,416"
1,ordinary,ordinary,"11,379"
1,top_5_10,outstanding,"17,276"
1,ordinary,ordinary,"7,108"
1,ordinary,ordinary,"9,888"
1,ordinary,ordinary,"25,307"
1,ordinary,ordinary,"21,832"
1,top_5,outstanding,"6,791"
1,top_5_10,outstanding,"6,777"
1,ordinary,ordinary,"11,368"
1,ordinary,ordinary,"28,659"
6,top_5_10,outstanding,"22,761"
1,ordinary,ordinary,"7,455"
4,top_5,outstanding,"9,479"
1,ordinary,ordinary,"10,110"
1,ordinary,ordinary,"13,852"
1,ordinary,ordinary,"25,341"
6,top_5,outstanding,"9,261"
1,ordinary,ordinary,"12,416"
1,top_5_10,outstanding,"16,536"
3,top_5,outstanding,"9,162"
2,top_5_10,outstanding,"14,328"
1,top_5,outstanding,"20,074"
1,top_5_10,outstanding,"13,750"
1,top_5_10,outstanding,"14,254"
1,ordinary,ordinary,"28,125"
1,ordinary,ordinary,"20,984"
3,ordinary,ordinary,"20,127"
1,top_5,outstanding,"26,185"
1,ordinary,ordinary,"21,121"
1,ordinary,ordinary,"28,434"
1,ordinary,ordinary,"24,363"
1,top_5_10,outstanding,"6,726"
1,ordinary,ordinary,"12,209"
1,ordinary,ordinary,"8,983"
1,top_5_10,outstanding,"10,423"
1,ordinary,ordinary,"20,382"
3,top_5,outstanding,"12,537"
6,top_5,outstanding,"14,034"
1,ordinary,ordinary,"14,876"
1,top_10_15,outstanding,"12,918"
2,ordinary,ordinary,"15,977"
4,ordinary,ordinary,"10,188"
1,ordinary,ordinary,"22,352"
1,ordinary,ordinary,"19,118"
1,ordinary,ordinary,"27,206"
1,top_5_10,outstanding,"13,905"
1,ordinary,ordinary,"23,168"
1,top_5,outstanding,"6,963"
3,top_5,outstanding,"8,533"
2,top_5,outstanding,"15,822"
1,ordinary,ordinary,"17,913"
1,top_5,outstanding,"7,374"
1,top_5,outstanding,"19,754"
1,ordinary,ordinary,"28,043"
1,top_5,outstanding,"11,109"
2,top_5,outstanding,"8,216"
1,ordinary,ordinary,"12,282"
1,ordinary,ordinary,"7,382"
1,ordinary,ordinary,"19,432"
2,top_5,outstanding,"20,081"
1,ordinary,ordinary,"7,605"
1,ordinary,ordinary,"19,615"
1,top_10_15,outstanding,"14,193"
1,ordinary,ordinary,"26,875"
1,ordinary,ordinary,"10,746"
1,ordinary,ordinary,"24,281"
1,top_5,outstanding,"10,073"
1,ordinary,ordinary,"10,647"
1,ordinary,ordinary,"21,482"
1,ordinary,ordinary,"13,509"
1,ordinary,ordinary,"15,469"
2,top_5_10,outstanding,"14,575"
1,ordinary,ordinary,"19,600"
1,ordinary,ordinary,"10,738"
1,ordinary,ordinary,"9,206"
1,top_5_10,outstanding,"10,733"
4,top_5,outstanding,"10,786"
2,top_10_15,outstanding,"16,196"
1,top_5_10,outstanding,"8,275"
1,ordinary,ordinary,"9,313"
1,ordinary,ordinary,"18,076"
1,ordinary,ordinary,"19,870"
2,ordinary,ordinary,"21,572"
1,top_5_10,outstanding,"8,077"
4,top_5,outstanding,"8,046"
1,ordinary,ordinary,"17,608"
7,top_5,outstanding,"17,640"
3,top_5_10,outstanding,"17,932"
1,ordinary,ordinary,"10,115"
1,ordinary,ordinary,"18,365"
1,top_5,outstanding,"10,857"
1,top_5,outstanding,"9,445"
8,top_5,outstanding,"6,763"
1,ordinary,ordinary,"8,458"
1,ordinary,ordinary,"11,453"
1,top_5_10,outstanding,"14,730"
1,top_5,outstanding,"7,429"
1,ordinary,ordinary,"9,877"
1,ordinary,ordinary,"15,697"
1,ordinary,ordinary,"7,847"
4,top_5,outstanding,"9,274"
1,top_10_15,outstanding,"7,012"
1,top_5,outstanding,"21,560"
1,ordinary,ordinary,"14,169"
1,ordinary,ordinary,"17,335"
1,ordinary,ordinary,"7,298"
1,top_5,outstanding,"12,821"
2,top_5,outstanding,"17,896"
1,ordinary,ordinary,"24,968"
2,top_5,outstanding,"9,213"
1,top_5_10,outstanding,"9,730"
1,top_10_15,outstanding,"19,299"
1,top_5_10,outstanding,"17,634"
1,ordinary,ordinary,"28,681"
1,ordinary,ordinary,"11,367"
5,top_5,outstanding,"6,704"
1,top_5_10,outstanding,"12,539"
13,top_5,outstanding,"22,023"
9,top_5,outstanding,"7,737"
7,top_5_10,outstanding,"10,853"
1,ordinary,ordinary,"11,194"
3,top_5,outstanding,"13,270"
1,ordinary,ordinary,"14,148"
1,top_5_10,outstanding,"7,794"
1,ordinary,ordinary,"9,308"
7,top_5,outstanding,"9,878"
1,ordinary,ordinary,"10,406"
1,ordinary,ordinary,"7,889"
1,ordinary,ordinary,"12,086"
5,top_5,outstanding,"12,479"
1,ordinary,ordinary,"16,388"
1,ordinary,ordinary,"8,402"
1,ordinary,ordinary,"28,399"
2,top_10_15,outstanding,"9,218"
2,top_5,outstanding,"12,699"
1,ordinary,ordinary,"8,116"
1,ordinary,ordinary,"12,191"
1,top_5_10,outstanding,"9,159"
2,top_5,outstanding,"9,949"
2,top_5,outstanding,"11,200"
5,top_5,outstanding,"13,922"
1,ordinary,ordinary,"18,121"
3,top_5,outstanding,"6,762"
18,top_5,outstanding,"9,386"
1,ordinary,ordinary,"19,705"
1,top_5,outstanding,"9,327"
3,top_5,outstanding,"9,488"
1,top_5_10,outstanding,"11,030"
1,top_5,outstanding,"11,693"
1,top_5_10,outstanding,"25,890"
1,ordinary,ordinary,"6,889"
2,top_10_15,outstanding,"7,025"
2,ordinary,ordinary,"26,664"
1,top_5,outstanding,"13,991"
1,top_5,outstanding,"25,774"
1,ordinary,ordinary,"14,744"
2,top_5,outstanding,"7,112"
1,top_5,outstanding,"6,794"
1,top_5,outstanding,"9,942"
1,ordinary,ordinary,"19,164"
1,ordinary,ordinary,"19,669"
2,top_5,outstanding,"25,444"
1,ordinary,ordinary,"16,720"
1,ordinary,ordinary,"7,391"
1,top_5,outstanding,"9,995"
1,ordinary,ordinary,"15,767"
1,ordinary,ordinary,"6,786"
1,ordinary,ordinary,"12,217"
2,ordinary,ordinary,"8,394"
1,ordinary,ordinary,"11,159"
1,top_10_15,outstanding,"7,967"
1,ordinary,ordinary,"9,797"
1,ordinary,ordinary,"15,751"
1,ordinary,ordinary,"20,897"
1,ordinary,ordinary,"12,316"
1,ordinary,ordinary,"18,111"
6,top_5,outstanding,"8,176"
1,ordinary,ordinary,"8,900"
4,top_5,outstanding,"14,717"
1,ordinary,ordinary,"25,549"
1,ordinary,ordinary,"9,595"
3,top_5,outstanding,"6,883"
1,top_10_15,outstanding,"7,131"
1,top_5,outstanding,"7,701"
33,top_5,outstanding,"7,898"
1,top_5,outstanding,"19,773"
1,ordinary,ordinary,"18,123"
1,top_5,outstanding,"17,189"
1,ordinary,ordinary,"21,619"
2,ordinary,ordinary,"13,560"
1,ordinary,ordinary,"16,941"
1,top_5_10,outstanding,"12,450"
1,ordinary,ordinary,"14,608"
1,top_5,outstanding,"8,001"
1,top_5_10,outstanding,"8,780"
1,ordinary,ordinary,"12,368"
1,ordinary,ordinary,"22,380"
1,ordinary,ordinary,"9,939"
2,ordinary,ordinary,"11,702"
1,top_5_10,outstanding,"14,192"
1,ordinary,ordinary,"15,098"
1,ordinary,ordinary,"15,387"
3,top_5,outstanding,"17,664"
1,ordinary,ordinary,"6,898"
1,ordinary,ordinary,"7,909"
1,ordinary,ordinary,"11,445"
1,top_5,outstanding,"12,743"
1,ordinary,ordinary,"18,325"
31,top_5,outstanding,"9,006"
1,top_5,outstanding,"12,357"
1,top_5,outstanding,"12,352"
1,ordinary,ordinary,"7,662"
1,ordinary,ordinary,"15,710"
1,top_10_15,outstanding,"11,767"
1,ordinary,ordinary,"8,370"
1,ordinary,ordinary,"11,114"
1,top_5,outstanding,"19,484"
1,top_5_10,outstanding,"27,519"
1,ordinary,ordinary,"10,534"
1,top_5,outstanding,"7,211"
3,top_5,outstanding,"9,412"
1,top_5_10,outstanding,"9,121"
1,ordinary,ordinary,"13,210"
1,ordinary,ordinary,"13,635"
1,ordinary,ordinary,"19,726"
1,top_5_10,outstanding,"27,369"
1,ordinary,ordinary,"9,283"
2,top_5_10,outstanding,"6,840"
2,ordinary,ordinary,"10,333"
1,ordinary,ordinary,"19,886"
1,top_5,outstanding,"8,350"
1,ordinary,ordinary,"12,949"
1,ordinary,ordinary,"7,344"
1,top_5,outstanding,"21,524"
3,top_5,outstanding,"26,371"
7,top_5,outstanding,"10,904"
1,ordinary,ordinary,"16,850"
1,ordinary,ordinary,"19,755"
1,top_5,outstanding,"6,909"
2,top_5,outstanding,"6,782"
1,ordinary,ordinary,"25,215"
1,ordinary,ordinary,"8,761"
2,ordinary,ordinary,"9,394"
1,ordinary,ordinary,"16,582"
1,ordinary,ordinary,"22,427"
1,ordinary,ordinary,"25,011"
1,ordinary,ordinary,"12,550"
1,top_5,outstanding,"14,805"
1,top_5_10,outstanding,"16,588"
1,top_5,outstanding,"7,813"
2,top_5,outstanding,"13,345"
1,ordinary,ordinary,"20,157"
4,top_5,outstanding,"9,752"
1,top_5,outstanding,"7,071"
29,top_5,outstanding,"9,014"
1,ordinary,ordinary,"8,190"
1,top_5,outstanding,"10,606"
1,top_5,outstanding,"12,615"
33,top_5,outstanding,"10,175"
2,top_5,outstanding,"15,408"
1,ordinary,ordinary,"15,773"
1,top_5,outstanding,"6,728"
1,ordinary,ordinary,"10,846"
2,top_5,outstanding,"7,609"
1,ordinary,ordinary,"23,018"
2,top_5,outstanding,"6,733"
4,top_10_15,outstanding,"26,944"
2,top_5,outstanding,"21,615"
1,ordinary,ordinary,"26,307"
1,ordinary,ordinary,"14,828"
1,top_5_10,outstanding,"26,715"
4,top_5,outstanding,"9,316"
1,ordinary,ordinary,"28,619"
5,top_5,outstanding,"11,044"
1,top_5_10,outstanding,"24,407"
1,ordinary,ordinary,"16,995"
1,ordinary,ordinary,"23,926"
2,top_10_15,outstanding,"7,676"
1,ordinary,ordinary,"19,280"
1,top_10_15,outstanding,"14,208"
1,ordinary,ordinary,"11,611"
1,ordinary,ordinary,"9,701"
1,top_5,outstanding,"11,313"
1,top_5_10,outstanding,"11,761"
1,top_5_10,outstanding,"22,671"
2,ordinary,ordinary,"13,010"
8,top_5,outstanding,"8,270"
1,top_5_10,outstanding,"7,886"
1,top_5_10,outstanding,"18,937"
1,ordinary,ordinary,"9,498"
1,top_10_15,outstanding,"6,813"
1,ordinary,ordinary,"16,350"
1,ordinary,ordinary,"12,116"
1,ordinary,ordinary,"25,515"
1,ordinary,ordinary,"7,522"
1,top_5_10,outstanding,"12,269"
3,top_5,outstanding,"8,407"
1,ordinary,ordinary,"17,510"
4,top_5,outstanding,"13,654"
1,ordinary,ordinary,"7,332"
1,top_5,outstanding,"6,731"
5,top_5,outstanding,"6,802"
1,ordinary,ordinary,"11,447"
1,ordinary,ordinary,"12,795"
1,ordinary,ordinary,"9,185"
1,ordinary,ordinary,"14,360"
1,ordinary,ordinary,"18,541"
1,ordinary,ordinary,"24,027"
12,top_5,outstanding,"7,435"
1,top_5_10,outstanding,"16,501"
1,ordinary,ordinary,"25,596"
1,ordinary,ordinary,"16,325"
1,top_5_10,outstanding,"10,040"
2,top_5,outstanding,"7,475"
1,ordinary,ordinary,"17,812"
5,top_5,outstanding,"8,014"
1,top_5_10,outstanding,"16,291"
1,ordinary,ordinary,"16,957"
2,top_5_10,outstanding,"8,821"
1,ordinary,ordinary,"15,446"
2,ordinary,ordinary,"12,939"
1,ordinary,ordinary,"25,257"
1,ordinary,ordinary,"17,559"
1,ordinary,ordinary,"15,898"
