"display_name","count","id_user","category","class","class2"
orthocresol,562,"37,163",top_5,top_5,outstanding
Mithoron,530,"34,465",top_5,top_5,outstanding
MaxW,402,"39,440",top_5,top_5,outstanding
ron,318,"31,528",top_5,top_5,outstanding
Dissenter,248,"32,198",top_5,top_5,outstanding
permeakra,220,"29,235",top_5,top_5,outstanding
bon,200,"34,625",top_5,top_5,outstanding
Zhe,180,"46,240",top_5,top_5,outstanding
DavePhD,168,"32,257",top_5,top_5,outstanding
jerepierre,149,"31,592",top_5,top_5,outstanding
Loong,127,"33,720",top_5,top_5,outstanding
porphyrin,127,"43,702",top_5,top_5,outstanding
airhuff,116,"49,629",top_5,top_5,outstanding
Wildcat,101,"28,971",top_5,top_5,outstanding
LordStryker,93,"28,802",top_5,top_5,outstanding
LDC3,92,"32,073",top_5,top_5,outstanding
Marko,87,"33,067",top_5,top_5,outstanding
matt_black,81,"28,869",top_5,top_5,outstanding
Jori,76,"30,440",top_5,top_5,outstanding
jonsca,75,"28,861",top_5,top_5,outstanding
hBy2Py,74,"34,756",top_5,top_5,outstanding
DHMO,73,"45,548",top_5,top_5,outstanding
Lighthart,61,"29,921",top_5,top_5,outstanding
Georg,55,"28,892",top_5,top_5,outstanding
F'x,51,"28,818",top_5,top_5,outstanding
ssavec,47,"30,850",top_5,top_5,outstanding
Tyberius,46,"51,583",top_5,top_5,outstanding
getafix,41,"36,724",top_5,top_5,outstanding
ringo,39,"36,260",top_5,top_5,outstanding
tschoppi,37,"31,213",top_5,top_5,outstanding
chipbuster,37,"30,608",top_5,top_5,outstanding
Aesin,37,"28,827",top_5,top_5,outstanding
Buttonwood,36,"30,357",top_5,top_5,outstanding
A.K.,35,"40,299",top_5,top_5,outstanding
aventurin,35,"41,191",top_5,top_5,outstanding
Mockingbird,32,"42,378",top_5,top_5,outstanding
bobthechemist,32,"30,181",top_5,top_5,outstanding
user1420303,31,"35,666",top_5,top_5,outstanding
long,30,"30,917",top_5,top_5,outstanding
Freddy,30,"32,502",top_5,top_5,outstanding
santiago,29,"40,037",top_50_100,ordinary,ordinary
Beerhunter,29,"37,194",top_5,top_5,outstanding
Michiel,29,"29,995",top_5,top_5,outstanding
pentavalentcarbon,29,"28,979",top_5,top_5,outstanding
DSVA,28,"47,547",top_5,top_5,outstanding
R.M.,28,"34,958",top_5,top_5,outstanding
CHM,28,"28,866",top_5,top_5,outstanding
Nanoputian,26,"38,118",top_5,top_5,outstanding
JM97,25,"40,544",top_5,top_5,outstanding
thomij,25,"32,643",top_5,top_5,outstanding
Aug,24,"33,092",top_5,top_5,outstanding
vapid,24,"44,264",top_5,top_5,outstanding
ManishEarth,24,"28,810",top_5,top_5,outstanding
mannaia,23,"31,230",top_5,top_5,outstanding
bonCodigo,22,"33,313",top_5,top_5,outstanding
Sparkler,22,"34,569",top_5,top_5,outstanding
user137,21,"28,924",top_5,top_5,outstanding
SendersReagent,21,"40,239",top_5,top_5,outstanding
TAR86,21,"49,251",top_5,top_5,outstanding
RobChem,21,"32,883",top_5,top_5,outstanding
Waylander,20,"51,712",top_5,top_5,outstanding
Canageek,20,"28,908",top_5,top_5,outstanding
iad22agp,20,"32,594",top_5,top_5,outstanding
Fl.pf.,19,"47,378",top_5,top_5,outstanding
LievenB,19,"30,636",top_5,top_5,outstanding
trb456,19,"29,219",top_5,top_5,outstanding
electronpusher,19,"48,893",top_5,top_5,outstanding
uhoh,17,"36,687",top_5,top_5,outstanding
f'',17,"43,515",top_5,top_5,outstanding
paracetamol,16,"45,307",top_5,top_5,outstanding
Eliza,16,"31,020",top_5,top_5,outstanding
FreezingFire,16,"41,874",top_5,top_5,outstanding
xavier_fakerat,16,"51,911",top_5,top_5,outstanding
j__,16,"41,051",no_participation,ordinary,ordinary
Saad,16,"36,114",top_50_100,ordinary,ordinary
ChemExchange,16,"36,137",top_5,top_5,outstanding
user26143,15,"31,046",top_5,top_5,outstanding
Geoff,15,"33,259",no_participation,ordinary,ordinary
Babounet,15,"34,579",top_5,top_5,outstanding
jheindel,15,"37,811",top_5,top_5,outstanding
sixtytrees,15,"44,650",top_5,top_5,outstanding
cbeleites,14,"28,946",top_5,top_5,outstanding
yasir,14,"36,106",top_5,top_5,outstanding
curious_cat,14,"35,104",top_5,top_5,outstanding
DSinghvi,14,"32,478",top_5,top_5,outstanding
Adroit,14,"46,518",top_10_15,top_10_15,outstanding
user2617804,13,"31,007",top_5,top_5,outstanding
gannex,13,"42,438",top_5,top_5,outstanding
Oscar,13,"47,269",no_participation,ordinary,ordinary
Hexacoordinate-C,13,"36,149",top_5,top_5,outstanding
hey,13,"51,653",top_35_40,ordinary,ordinary
user223679,13,"36,601",top_5,top_5,outstanding
PLD,12,"29,044",top_5,top_5,outstanding
gilleain,12,"31,854",top_5,top_5,outstanding
Atticus283blink,12,"40,400",top_20_25,ordinary,ordinary
yolo123,12,"33,145",top_5,top_5,outstanding
Variax,12,"29,347",top_5,top_5,outstanding
a-cyclohexane-molecule,11,"39,762",top_5,top_5,outstanding
mhchem,11,"40,604",top_5,top_5,outstanding
SteffX,11,"44,774",top_5,top_5,outstanding
A---B,11,"44,447",top_5,top_5,outstanding
Ruslan,11,"30,650",top_5_10,top_5_10,outstanding
jjgoings,11,"31,178",top_5,top_5,outstanding
jlandercy,11,"31,238",top_5,top_5,outstanding
Don_S,11,"46,937",top_5,top_5,outstanding
ashu,10,"30,432",top_5,top_5,outstanding
kaliaden,10,"29,956",top_5,top_5,outstanding
t.c,10,"33,872",top_5,top_5,outstanding
khaverim,10,"37,991",top_5,top_5,outstanding
Nij,10,"41,839",top_5,top_5,outstanding
NeilRoy,10,"33,299",top_5,top_5,outstanding
surelyourejoking,9,"33,617",top_5,top_5,outstanding
halcyon,9,"31,141",top_5,top_5,outstanding
manshu,9,"39,953",top_5,top_5,outstanding
Simon-Nail-It,9,"34,318",top_5,top_5,outstanding
feetwet,9,"32,417",top_5,top_5,outstanding
ShankRam,9,"39,024",top_5,top_5,outstanding
gsurfer04,9,"31,797",top_5,top_5,outstanding
zwol,9,"32,060",top_5,top_5,outstanding
Yandle,9,"33,852",top_5,top_5,outstanding
user1945827,9,"35,417",top_5,top_5,outstanding
MSalters,9,"33,197",top_5_10,top_5_10,outstanding
CTKlein,9,"30,542",top_5,top_5,outstanding
rumtscho,9,"29,032",top_5_10,top_5_10,outstanding
bpedit,8,"46,107",top_5,top_5,outstanding
Anixx,8,"34,368",top_5,top_5,outstanding
LiamH,8,"37,840",top_5_10,top_5_10,outstanding
Juha,8,"28,931",top_5,top_5,outstanding
ericksonla,8,"31,928",top_5,top_5,outstanding
Luaan,8,"36,390",top_5,top_5,outstanding
FinnTheHuman,8,"44,690",top_5_10,top_5_10,outstanding
blue,8,"49,083",top_5_10,top_5_10,outstanding
MrAP,8,"43,998",top_5_10,top_5_10,outstanding
Rohinb97,8,"31,161",top_5,top_5,outstanding
supercat,8,"33,159",top_10_15,top_10_15,outstanding
Eka,8,"28,926",top_5,top_5,outstanding
Supernova,8,"52,366",top_5,top_5,outstanding
user104014,8,"41,015",top_10_15,top_10_15,outstanding
AngusTheMan,8,"33,690",top_5,top_5,outstanding
Gerard,8,"30,441",top_5,top_5,outstanding
rch,8,"31,105",top_5,top_5,outstanding
K-Feldspar,7,"44,513",top_5,top_5,outstanding
user1.618,7,"32,179",top_5,top_5,outstanding
KarenRei,7,"44,582",top_30_35,ordinary,ordinary
mykhal,7,"29,280",top_5,top_5,outstanding
lambda23,7,"29,442",top_5,top_5,outstanding
laminin,7,"33,104",top_5,top_5,outstanding
Molx,7,"36,088",top_5,top_5,outstanding
user4717,7,"31,900",top_10_15,top_10_15,outstanding
AstronAUT,7,"38,244",top_5,top_5,outstanding
KeithS,7,"29,132",top_5,top_5,outstanding
pikachu,7,"35,884",top_5,top_5,outstanding
shre_sudh_97,7,"40,630",top_5,top_5,outstanding
hortstu,7,"30,783",top_10_15,top_10_15,outstanding
Crowley,7,"44,471",top_10_15,top_10_15,outstanding
Adi,7,"29,127",top_5_10,top_5_10,outstanding
user510,7,"41,091",top_5,top_5,outstanding
Kartik,7,"32,707",top_5_10,top_5_10,outstanding
tennispro1213,7,"36,018",top_5,top_5,outstanding
MartianCactus,7,"44,455",top_5_10,top_5_10,outstanding
Another.Chemist,6,"36,273",top_5,top_5,outstanding
user4779,6,"31,948",top_5_10,top_5_10,outstanding
Resorcinol,6,"46,468",top_5,top_5,outstanding
M.A.R.,6,"33,311",top_5,top_5,outstanding
eromod,6,"45,764",top_5_10,top_5_10,outstanding
mamun,6,"33,583",top_5,top_5,outstanding
Rishika,6,"36,915",top_5_10,top_5_10,outstanding
leftaroundabout,6,"28,849",top_5,top_5,outstanding
Sidney,6,"36,385",top_5_10,top_5_10,outstanding
"21joanna12",6,"33,565",top_5,top_5,outstanding
KRyan,6,"34,763",top_5_10,top_5_10,outstanding
Rodriguez,6,"42,992",top_25_30,ordinary,ordinary
lightweaver,6,"36,298",top_5,top_5,outstanding
L3ul,6,"32,942",top_5,top_5,outstanding
canadianer,6,"32,309",top_5,top_5,outstanding
dotancohen,6,"32,932",top_5_10,top_5_10,outstanding
EnergyNumbers,6,"28,813",top_5,top_5,outstanding
docscience,6,"34,085",top_5,top_5,outstanding
aiag,6,"50,327",top_15_20,ordinary,ordinary
ankit7540,6,"43,474",top_5,top_5,outstanding
repurposer,6,"36,040",top_5_10,top_5_10,outstanding
popgalop,6,"36,737",top_30_35,ordinary,ordinary
RedPen,6,"34,274",top_5,top_5,outstanding
K.Smith,6,"42,654",top_30_35,ordinary,ordinary
inf3rno,5,"40,929",top_5_10,top_5_10,outstanding
theonlygusti,5,"43,740",top_10_15,top_10_15,outstanding
qwersjc,5,"32,101",top_5,top_5,outstanding
CupC_56,5,"50,679",top_5_10,top_5_10,outstanding
Ath,5,"33,066",top_5_10,top_5_10,outstanding
peterh,5,"32,951",top_5_10,top_5_10,outstanding
Aneek,5,"37,546",top_5_10,top_5_10,outstanding
user31782,5,"31,810",top_5_10,top_5_10,outstanding
Akiva,5,"50,831",top_20_25,ordinary,ordinary
WYSIWYG,5,"32,368",top_5,top_5,outstanding
Yashas,5,"32,876",top_5,top_5,outstanding
studentrr,5,"41,847",top_15_20,ordinary,ordinary
user3932000,5,"39,150",top_15_20,ordinary,ordinary
Sawarnik,5,"33,768",top_15_20,ordinary,ordinary
user128932,5,"32,491",top_5_10,top_5_10,outstanding
Guiste,5,"35,827",top_25_30,ordinary,ordinary
PyRulez,5,"33,118",top_10_15,top_10_15,outstanding
FormlessCloud,5,"30,396",top_10_15,top_10_15,outstanding
RutvikSutaria,5,"33,339",top_30_35,ordinary,ordinary
theo,5,"29,417",top_5,top_5,outstanding
Caters,5,"32,842",top_5,top_5,outstanding
Gerhard,5,"34,530",top_5,top_5,outstanding
user45681,5,"55,637",top_50_100,ordinary,ordinary
Papul,5,"30,063",top_5,top_5,outstanding
largeboulder,5,"37,477",top_35_40,ordinary,ordinary
charlesreid1,5,"31,024",top_5,top_5,outstanding
JDługosz,5,"37,832",top_10_15,top_10_15,outstanding
Shafter,5,"32,320",top_5,top_5,outstanding
Kurzd,5,"39,556",top_10_15,top_10_15,outstanding
imaginov,5,"36,752",top_5,top_5,outstanding
Pi5,5,"38,107",top_5,top_5,outstanding
AMT,5,"48,699",top_10_15,top_10_15,outstanding
Biker,5,"40,672",top_30_35,ordinary,ordinary
user7063,5,"32,996",top_30_35,ordinary,ordinary
barlop,5,"30,551",top_5_10,top_5_10,outstanding
Petrichorr,5,"42,475",top_30_35,ordinary,ordinary
higgsss,5,"33,638",top_5,top_5,outstanding
NotEvans.,5,"38,973",top_5,top_5,outstanding
Chewie,4,"41,075",top_35_40,ordinary,ordinary
Asker123,4,"33,927",top_5,top_5,outstanding
Agriculturist,4,"39,366",top_5,top_5,outstanding
Prakhar,4,"40,417",top_5,top_5,outstanding
justbehappy,4,"34,676",top_5,top_5,outstanding
k--,4,"37,284",top_5,top_5,outstanding
Eljee,4,"30,833",top_5,top_5,outstanding
mcocdawc,4,"36,936",top_5,top_5,outstanding
sencer,4,"29,631",top_5,top_5,outstanding
Deathbreath,4,"29,196",top_5,top_5,outstanding
Phillip,4,"29,411",top_5,top_5,outstanding
julien,4,"42,621",top_5,top_5,outstanding
ChemistryHelpCenter,4,"44,403",top_5,top_5,outstanding
TanMath,4,"35,155",top_5,top_5,outstanding
Abhirikshma,4,"37,900",top_5,top_5,outstanding
user11629,4,"31,836",top_5,top_5,outstanding
TLo,4,"48,110",top_5,top_5,outstanding
Voldemort,4,"37,122",top_5,top_5,outstanding
busukxuan,4,"35,985",top_5,top_5,outstanding
Mesentery,4,"49,409",top_5,top_5,outstanding
Shodai,4,"39,416",top_5,top_5,outstanding
AksaK,4,"45,013",top_5,top_5,outstanding
heather,4,"44,259",top_5,top_5,outstanding
Nerdingout,4,"34,087",top_5,top_5,outstanding
Zalumon,4,"30,635",top_5,top_5,outstanding
pcforgeek,4,"33,945",top_5_10,top_5_10,outstanding
Cohen_the_Librarian,4,"31,977",top_5_10,top_5_10,outstanding
andynitrox,4,"35,998",top_5_10,top_5_10,outstanding
G-man,4,"35,358",top_5_10,top_5_10,outstanding
Timothy,4,"36,769",top_5_10,top_5_10,outstanding
sqykly,4,"40,201",top_5_10,top_5_10,outstanding
jatin,4,"42,226",top_5_10,top_5_10,outstanding
Some_Guy,4,"38,296",top_5_10,top_5_10,outstanding
Leeser,4,"34,115",top_5_10,top_5_10,outstanding
aspyct,4,"37,339",top_10_15,top_10_15,outstanding
BCLC,4,"37,346",top_10_15,top_10_15,outstanding
AndyW,4,"41,828",top_10_15,top_10_15,outstanding
obe,4,"48,464",top_10_15,top_10_15,outstanding
user5434678,4,"39,261",top_10_15,top_10_15,outstanding
vamsi,4,"35,199",top_10_15,top_10_15,outstanding
ChildishJack,4,"43,816",top_10_15,top_10_15,outstanding
BeowulfNode42,4,"40,312",top_15_20,ordinary,ordinary
Stradigos,4,"33,525",top_15_20,ordinary,ordinary
austinian,4,"37,886",top_25_30,ordinary,ordinary
Mast,4,"33,578",top_25_30,ordinary,ordinary
marcelm,4,"44,055",top_30_35,ordinary,ordinary
ThemysteryOflife,4,"53,779",top_30_35,ordinary,ordinary
sloth1111,4,"31,421",top_30_35,ordinary,ordinary
Hamze,4,"44,747",top_35_40,ordinary,ordinary
J.M.,4,"55,993",top_50_100,ordinary,ordinary
dadadok,3,"33,944",top_40_45,ordinary,ordinary
user350331,3,"48,280",top_10_15,top_10_15,outstanding
user2514631,3,"30,493",top_5,top_5,outstanding
ChrisA,3,"30,863",top_5,top_5,outstanding
terra2322,3,"52,061",top_45_50,ordinary,ordinary
bigworld12,3,"39,248",top_5_10,top_5_10,outstanding
user375072,3,"46,443",top_45_50,ordinary,ordinary
Emu27,3,"34,308",top_30_35,ordinary,ordinary
topology,3,"32,926",top_25_30,ordinary,ordinary
terdon,3,"31,893",top_5_10,top_5_10,outstanding
shrx,3,"30,369",top_10_15,top_10_15,outstanding
jovialplutonium,3,"47,789",top_50_100,ordinary,ordinary
Xasel,3,"49,469",top_40_45,ordinary,ordinary
claws,3,"29,147",top_5,top_5,outstanding
Ravaru,3,"33,713",top_45_50,ordinary,ordinary
Yb609,3,"49,335",top_5,top_5,outstanding
user22443,3,"39,647",top_50_100,ordinary,ordinary
user2365846,3,"42,856",top_40_45,ordinary,ordinary
larry909,3,"45,552",top_15_20,ordinary,ordinary
Torxed,3,"32,347",top_15_20,ordinary,ordinary
TheJsyChemist,3,"33,125",top_5,top_5,outstanding
Mixcels,3,"36,264",top_5_10,top_5_10,outstanding
norlesh,3,"32,148",top_5_10,top_5_10,outstanding
Remi.b,3,"32,693",top_15_20,ordinary,ordinary
jinawee,3,"30,271",top_5_10,top_5_10,outstanding
etherealflux,3,"38,080",top_25_30,ordinary,ordinary
user123733,3,"47,991",top_5_10,top_5_10,outstanding
StackExchangeLover,3,"34,819",top_35_40,ordinary,ordinary
McB,3,"31,413",top_5_10,top_5_10,outstanding
Hippalectryon,3,"32,606",top_5,top_5,outstanding
wes3449,3,"35,280",top_5,top_5,outstanding
Nihilist_Frost,3,"39,316",top_10_15,top_10_15,outstanding
santimirandarp,3,"53,026",top_5_10,top_5_10,outstanding
NVZ,3,"41,358",top_10_15,top_10_15,outstanding
Malnurturedㅤㅤㅤㅤ,3,"39,649",top_40_45,ordinary,ordinary
michael,3,"37,197",no_participation,ordinary,ordinary
inspd,3,"38,942",top_15_20,ordinary,ordinary
RickyA,3,"42,016",top_10_15,top_10_15,outstanding
Gowtham,3,"34,713",top_5,top_5,outstanding
dmckee,3,"29,252",top_5,top_5,outstanding
Zubo,3,"38,069",top_5,top_5,outstanding
user137452,3,"33,712",top_5_10,top_5_10,outstanding
user34577,3,"45,662",top_50_100,ordinary,ordinary
xasthor,3,"52,863",top_5_10,top_5_10,outstanding
JasonB,3,"48,868",top_35_40,ordinary,ordinary
Vedant,3,"46,617",top_10_15,top_10_15,outstanding
luk32,3,"46,601",top_25_30,ordinary,ordinary
deusy,3,"35,992",top_10_15,top_10_15,outstanding
sa7,3,"46,161",top_5_10,top_5_10,outstanding
brainst,3,"41,320",top_50_100,ordinary,ordinary
Mathematician,3,"44,901",top_30_35,ordinary,ordinary
DurgaDatta,3,"29,958",top_5_10,top_5_10,outstanding
Floris,3,"32,469",top_5,top_5,outstanding
Phill2,3,"41,565",top_30_35,ordinary,ordinary
aman,3,"40,031",top_35_40,ordinary,ordinary
Yashbhatt,3,"33,140",top_5_10,top_5_10,outstanding
user6794,3,"32,774",top_35_40,ordinary,ordinary
jnovacho,3,"34,836",top_10_15,top_10_15,outstanding
MarcoB,3,"37,140",top_5,top_5,outstanding
NickyR,3,"37,135",top_10_15,top_10_15,outstanding
Klik,3,"31,272",top_5,top_5,outstanding
Nicol,3,"33,488",top_15_20,ordinary,ordinary
Wybrem,3,"55,519",top_50_100,ordinary,ordinary
scientifics,3,"29,118",top_5_10,top_5_10,outstanding
Cr157,3,"33,917",top_50_100,ordinary,ordinary
Qmechanic,3,"33,677",top_25_30,ordinary,ordinary
klaus,3,"41,548",top_45_50,ordinary,ordinary
chemkatku,3,"36,729",top_5,top_5,outstanding
Anoneemus,3,"36,750",top_5,top_5,outstanding
user27301,3,"41,901",top_50_100,ordinary,ordinary
Kiwi,3,"38,972",top_50_100,ordinary,ordinary
Fiksdal,3,"43,643",top_35_40,ordinary,ordinary
Mockingbird360,3,"46,966",top_35_40,ordinary,ordinary
trpt4him,3,"29,723",top_10_15,top_10_15,outstanding
TMOTTM,3,"29,878",top_5,top_5,outstanding
UserX,3,"34,392",top_15_20,ordinary,ordinary
Antimon,3,"29,439",top_5,top_5,outstanding
E.P.,3,"29,961",top_5_10,top_5_10,outstanding
Sam202,3,"49,494",top_50_100,ordinary,ordinary
oryza,3,"38,652",top_20_25,ordinary,ordinary
jt2000,3,"42,466",top_35_40,ordinary,ordinary
bean,3,"40,699",top_5_10,top_5_10,outstanding
S.Chevalier,3,"43,934",top_5,top_5,outstanding
Swastik,3,"36,554",top_5,top_5,outstanding
user5181,3,"32,276",top_5,top_5,outstanding
Apurv,3,"31,469",top_5,top_5,outstanding
Apler,3,"31,970",top_30_35,ordinary,ordinary
Steve-O,3,"53,461",top_25_30,ordinary,ordinary
Moppentapper,3,"33,797",top_30_35,ordinary,ordinary
fredsbend,3,"33,794",top_25_30,ordinary,ordinary
angrycarbocation,3,"47,065",top_30_35,ordinary,ordinary
biogirl,3,"30,628",top_5,top_5,outstanding
nerdy,3,"34,965",top_25_30,ordinary,ordinary
scienceauror,3,"29,692",top_5,top_5,outstanding
Bbruyne,3,"44,151",top_45_50,ordinary,ordinary
timaeus222,3,"39,849",top_5,top_5,outstanding
shaistha,3,"38,769",top_5,top_5,outstanding
"200_success",3,"33,317",top_10_15,top_10_15,outstanding
Pewpaled,3,"45,251",top_35_40,ordinary,ordinary
O.kth,3,"51,260",top_50_100,ordinary,ordinary
Ebrin,3,"55,809",top_50_100,ordinary,ordinary
Dannnno,3,"31,457",top_5,top_5,outstanding
irth,3,"32,222",top_5_10,top_5_10,outstanding
Fred,3,"34,870",no_participation,ordinary,ordinary
Basia,3,"32,601",top_30_35,ordinary,ordinary
ttdijkstra,3,"42,477",top_5_10,top_5_10,outstanding
Kenny,3,"34,320",top_35_40,ordinary,ordinary
Ijriims,3,"30,764",top_50_100,ordinary,ordinary
Paparazzi,3,"38,241",top_15_20,ordinary,ordinary
lcnittl,3,"32,724",top_5,top_5,outstanding
Rajesh,2,"35,569",top_5,top_5,outstanding
vector07,2,"33,874",top_15_20,ordinary,ordinary
user3138766,2,"33,501",top_5_10,top_5_10,outstanding
jon,2,"48,714",top_50_100,ordinary,ordinary
Nathanael,2,"55,538",top_50_100,ordinary,ordinary
XuMuK,2,"40,242",top_15_20,ordinary,ordinary
brian,2,"37,873",top_50_100,ordinary,ordinary
Arcadium,2,"54,958",top_30_35,ordinary,ordinary
Rosbie,2,"36,678",top_30_35,ordinary,ordinary
Che,2,"56,067",no_participation,ordinary,ordinary
tox123,2,"33,592",top_5_10,top_5_10,outstanding
ecfedele,2,"36,671",top_10_15,top_10_15,outstanding
LifeIsGood,2,"37,519",top_30_35,ordinary,ordinary
PhysicalChemist,2,"33,725",top_5,top_5,outstanding
Kōhai,2,"46,235",top_50_100,ordinary,ordinary
user1573870,2,"36,275",top_5,top_5,outstanding
vin2,2,"45,822",top_50_100,ordinary,ordinary
N4v,2,"48,795",top_30_35,ordinary,ordinary
Bive,2,"37,309",top_5_10,top_5_10,outstanding
SF.,2,"30,268",top_5_10,top_5_10,outstanding
Polynomial,2,"47,554",top_5_10,top_5_10,outstanding
saf,2,"41,695",top_50_100,ordinary,ordinary
PhyCS,2,"37,858",top_5,top_5,outstanding
hanna,2,"38,406",top_5,top_5,outstanding
vsz,2,"29,587",top_5,top_5,outstanding
ABlankenship,2,"36,991",top_50_100,ordinary,ordinary
Rudstar,2,"32,314",top_10_15,top_10_15,outstanding
Raghav,2,"49,971",top_15_20,ordinary,ordinary
Uros,2,"40,157",top_5_10,top_5_10,outstanding
snurden,2,"37,462",top_5,top_5,outstanding
Justuraveragemathsstudent,2,"54,993",top_50_100,ordinary,ordinary
dennis97519,2,"36,296",top_30_35,ordinary,ordinary
"7_G.S.N",2,"45,187",top_50_100,ordinary,ordinary
liya77,2,"36,027",top_5,top_5,outstanding
Caesium-133,2,"33,508",top_5,top_5,outstanding
Howzieky,2,"53,992",top_5_10,top_5_10,outstanding
Dutta,2,"32,005",top_15_20,ordinary,ordinary
chemistry,2,"51,402",top_30_35,ordinary,ordinary
Hal,2,"36,614",top_5,top_5,outstanding
User,2,"30,947",no_participation,ordinary,ordinary
jerryhere,2,"38,194",top_50_100,ordinary,ordinary
YAHB,2,"30,802",top_5_10,top_5_10,outstanding
user21398,2,"39,030",top_30_35,ordinary,ordinary
user1704042,2,"34,183",top_10_15,top_10_15,outstanding
Threethumb,2,"31,693",top_10_15,top_10_15,outstanding
Shailesh,2,"38,704",top_5_10,top_5_10,outstanding
Snakeysnakes,2,"38,990",top_30_35,ordinary,ordinary
user466672,2,"40,345",top_30_35,ordinary,ordinary
indjev99,2,"40,878",top_30_35,ordinary,ordinary
user41987,2,"52,007",top_30_35,ordinary,ordinary
pingOfDoom,2,"31,431",top_30_35,ordinary,ordinary
Abs,2,"53,190",top_50_100,ordinary,ordinary
čaritisio,2,"36,812",top_5,top_5,outstanding
user109987,2,"41,968",top_35_40,ordinary,ordinary
rudraksh,2,"49,995",top_50_100,ordinary,ordinary
Physco111,2,"50,044",top_50_100,ordinary,ordinary
SSimon,2,"39,716",top_20_25,ordinary,ordinary
Kris_R,2,"29,104",top_5,top_5,outstanding
poshest,2,"33,861",top_10_15,top_10_15,outstanding
yawar,2,"34,603",top_5,top_5,outstanding
jane,2,"55,634",top_50_100,ordinary,ordinary
BootstrapBill,2,"40,804",top_35_40,ordinary,ordinary
PrettyHands,2,"50,405",top_35_40,ordinary,ordinary
Jajati,2,"43,623",top_50_100,ordinary,ordinary
Ritabrata,2,"39,406",top_50_100,ordinary,ordinary
Corundum,2,"40,637",top_5,top_5,outstanding
Hoytman,2,"32,858",top_10_15,top_10_15,outstanding
AlanZ2223,2,"33,469",top_5_10,top_5_10,outstanding
BeschBesch,2,"39,578",top_50_100,ordinary,ordinary
newbie,2,"35,660",no_participation,ordinary,ordinary
XHyper,2,"54,498",top_50_100,ordinary,ordinary
user42209,2,"52,226",top_50_100,ordinary,ordinary
Dmitry,2,"40,675",top_20_25,ordinary,ordinary
duci9y,2,"29,341",top_10_15,top_10_15,outstanding
Error404,2,"30,360",top_5_10,top_5_10,outstanding
YoTengoUnLCD,2,"42,861",top_20_25,ordinary,ordinary
picakhu,2,"28,915",top_5_10,top_5_10,outstanding
user3237992,2,"34,542",top_10_15,top_10_15,outstanding
sissi_luaty,2,"54,479",top_10_15,top_10_15,outstanding
uLoop,2,"32,385",top_5,top_5,outstanding
Physicsapproval,2,"47,200",top_5,top_5,outstanding
mikhailcazi,2,"30,418",top_5_10,top_5_10,outstanding
Koba,2,"37,998",top_5,top_5,outstanding
"86BCP2432T",2,"34,475",top_5,top_5,outstanding
DarkLightA,2,"29,977",top_5_10,top_5_10,outstanding
Pink,2,"44,930",top_5,top_5,outstanding
Sam19KY,2,"50,423",top_35_40,ordinary,ordinary
ChemBird,2,"40,729",top_5,top_5,outstanding
Swapnil,2,"34,048",top_20_25,ordinary,ordinary
manu3d,2,"30,700",top_20_25,ordinary,ordinary
Muzammil,2,"37,295",top_5,top_5,outstanding
levineds,2,"55,608",top_5,top_5,outstanding
VonBeche,2,"42,126",top_5_10,top_5_10,outstanding
anshabhi,2,"37,343",top_5,top_5,outstanding
Shahar,2,"31,286",top_20_25,ordinary,ordinary
Thawn,2,"40,282",top_5,top_5,outstanding
DRG,2,"30,356",top_10_15,top_10_15,outstanding
Chris1989777,2,"44,725",top_50_100,ordinary,ordinary
Ghost,2,"29,110",top_5_10,top_5_10,outstanding
Cobbles,2,"32,631",top_5_10,top_5_10,outstanding
Trancot,2,"29,944",top_35_40,ordinary,ordinary
Saurabh,2,"55,087",no_participation,ordinary,ordinary
kosyumote,2,"44,354",top_20_25,ordinary,ordinary
user96551,2,"44,686",top_10_15,top_10_15,outstanding
Michthan,2,"40,619",top_20_25,ordinary,ordinary
Nightshade,2,"54,089",top_35_40,ordinary,ordinary
Giogina,2,"40,262",top_35_40,ordinary,ordinary
bobthejoe,2,"28,845",top_5,top_5,outstanding
Jonie,2,"31,826",top_35_40,ordinary,ordinary
tralston,2,"33,042",top_5_10,top_5_10,outstanding
discountbrainsurgery,2,"54,330",top_40_45,ordinary,ordinary
Everyone,2,"29,468",top_5,top_5,outstanding
blackSmith,2,"30,582",top_5,top_5,outstanding
user4896,2,"32,044",top_40_45,ordinary,ordinary
diffracteD,2,"37,241",top_5,top_5,outstanding
wythagoras,2,"38,533",top_5,top_5,outstanding
DraggyWolf,2,"44,442",top_25_30,ordinary,ordinary
Zen,2,"30,302",top_5,top_5,outstanding
user126190,2,"32,432",top_40_45,ordinary,ordinary
user6006786,2,"41,976",top_25_30,ordinary,ordinary
mdan,2,"31,079",top_40_45,ordinary,ordinary
adianadiadi,2,"39,815",top_5_10,top_5_10,outstanding
sanjihan,2,"45,236",top_25_30,ordinary,ordinary
user28968,2,"42,833",top_40_45,ordinary,ordinary
dcorking,2,"29,656",top_25_30,ordinary,ordinary
Sigrlami,2,"30,119",top_5_10,top_5_10,outstanding
pmod,2,"28,838",top_5,top_5,outstanding
Mason,2,"34,119",top_40_45,ordinary,ordinary
Crafter0800,2,"55,651",top_5_10,top_5_10,outstanding
jojoma42,2,"29,681",top_40_45,ordinary,ordinary
DavisDude,2,"49,600",top_10_15,top_10_15,outstanding
b3nj4m1n,2,"50,745",top_40_45,ordinary,ordinary
oxullo,2,"40,981",top_40_45,ordinary,ordinary
DarkMagician,2,"30,011",top_40_45,ordinary,ordinary
Princess,2,"35,437",top_5_10,top_5_10,outstanding
olivieradam666,2,"37,345",top_25_30,ordinary,ordinary
user103292,2,"40,999",top_45_50,ordinary,ordinary
tor,2,"34,898",top_45_50,ordinary,ordinary
Orr22,2,"32,686",top_10_15,top_10_15,outstanding
Shaggy,2,"36,451",top_45_50,ordinary,ordinary
AMM,2,"31,331",no_participation,ordinary,ordinary
Sciiiiience,2,"32,946",top_45_50,ordinary,ordinary
chail10,2,"55,145",top_5,top_5,outstanding
Magoo,2,"54,783",top_25_30,ordinary,ordinary
user247855,2,"37,340",top_45_50,ordinary,ordinary
tirrel,2,"35,220",top_45_50,ordinary,ordinary
Equinox,2,"55,661",top_15_20,ordinary,ordinary
A.I.,2,"47,068",top_45_50,ordinary,ordinary
Superbest,2,"32,443",top_5,top_5,outstanding
pedro,2,"48,231",no_participation,ordinary,ordinary
UTF-8,2,"49,460",top_25_30,ordinary,ordinary
jpmc26,2,"38,152",top_25_30,ordinary,ordinary
frostedcake,2,"40,332",top_45_50,ordinary,ordinary
Hiiii,2,"52,363",top_5_10,top_5_10,outstanding
Foon,2,"33,570",top_25_30,ordinary,ordinary
cat,2,"41,964",top_25_30,ordinary,ordinary
MikhailTal,2,"34,425",top_15_20,ordinary,ordinary
Freelancer,2,"45,629",top_5_10,top_5_10,outstanding
BrettD,2,"30,077",top_50_100,ordinary,ordinary
user13186,2,"35,393",top_50_100,ordinary,ordinary
thkim1011,2,"37,646",top_5_10,top_5_10,outstanding
DetlevCM,2,"30,261",top_5_10,top_5_10,outstanding
user40003,2,"31,796",top_5_10,top_5_10,outstanding
Azulene,2,"53,956",top_50_100,ordinary,ordinary
KingChem,2,"43,769",top_50_100,ordinary,ordinary
Qubit1028,2,"34,986",top_5,top_5,outstanding
kane9530,2,"36,987",top_5,top_5,outstanding
Mindwin,2,"48,874",top_15_20,ordinary,ordinary
user3503781,2,"39,826",top_10_15,top_10_15,outstanding
HopelessN00b,2,"31,792",top_30_35,ordinary,ordinary
Loststudent22,2,"35,755",top_50_100,ordinary,ordinary
Nim,2,"45,708",top_50_100,ordinary,ordinary
Huy,2,"33,249",no_participation,ordinary,ordinary
ABcDexter,2,"32,980",top_5_10,top_5_10,outstanding
foobarbecue,2,"43,190",top_30_35,ordinary,ordinary
soandos,2,"28,798",top_5_10,top_5_10,outstanding
hobbs,2,"35,225",top_30_35,ordinary,ordinary
AndreKR,2,"43,253",top_30_35,ordinary,ordinary
user2779537,2,"56,020",top_50_100,ordinary,ordinary
J...,2,"35,312",top_30_35,ordinary,ordinary
Lobell,2,"51,811",top_50_100,ordinary,ordinary
SYK,2,"34,445",top_5,top_5,outstanding
Catprog,2,"50,668",top_50_100,ordinary,ordinary
Jeanno,2,"35,324",top_5_10,top_5_10,outstanding
IanC,2,"44,685",top_5_10,top_5_10,outstanding
Era,2,"43,461",top_30_35,ordinary,ordinary
CodesInChaos,2,"30,479",top_30_35,ordinary,ordinary
Spontification,2,"40,584",top_5,top_5,outstanding
Kainui,2,"38,136",top_15_20,ordinary,ordinary
Polisetty,2,"42,057",top_5_10,top_5_10,outstanding
BiggChemT,2,"45,270",top_15_20,ordinary,ordinary
ksr,2,"37,465",top_15_20,ordinary,ordinary
Mehrdad,2,"32,625",top_30_35,ordinary,ordinary
nikola,2,"44,653",top_50_100,ordinary,ordinary
danjames975,2,"33,316",top_10_15,top_10_15,outstanding
JaxBragg,2,"34,578",top_50_100,ordinary,ordinary
ubuntu_noob,2,"34,367",top_5_10,top_5_10,outstanding
Benedict,2,"41,824",top_50_100,ordinary,ordinary
mart,2,"28,889",top_5,top_5,outstanding
user148298,2,"47,538",top_30_35,ordinary,ordinary
technocrat,2,"45,519",top_50_100,ordinary,ordinary
ChairOTP,2,"29,328",top_30_35,ordinary,ordinary
Raffael,2,"30,908",top_15_20,ordinary,ordinary
JackI,2,"51,328",top_15_20,ordinary,ordinary
entropid,2,"30,146",top_5,top_5,outstanding
user32134,2,"31,058",top_30_35,ordinary,ordinary
tipavi,2,"42,579",top_5_10,top_5_10,outstanding
Xahoc,1,"51,630",top_5,top_5,outstanding
puresky,1,"32,855",top_30_35,ordinary,ordinary
johnny,1,"46,044",top_30_35,ordinary,ordinary
javanewbie,1,"45,887",top_30_35,ordinary,ordinary
Dejian15,1,"38,711",top_30_35,ordinary,ordinary
tetrahydrofuran,1,"49,160",top_30_35,ordinary,ordinary
user164612,1,"33,557",top_30_35,ordinary,ordinary
name.disp,1,"42,487",top_30_35,ordinary,ordinary
colnegn,1,"41,756",top_30_35,ordinary,ordinary
Pınar,1,"34,907",top_30_35,ordinary,ordinary
Viv,1,"37,426",top_30_35,ordinary,ordinary
fazekaszs,1,"45,188",top_30_35,ordinary,ordinary
user20554,1,"39,907",top_30_35,ordinary,ordinary
Leponzo,1,"34,081",top_30_35,ordinary,ordinary
JSK,1,"55,719",top_5,top_5,outstanding
Rituparno,1,"32,527",top_30_35,ordinary,ordinary
user209347,1,"31,137",top_30_35,ordinary,ordinary
nworb99,1,"40,074",top_30_35,ordinary,ordinary
Aref,1,"48,428",top_30_35,ordinary,ordinary
Cosmodruid,1,"38,589",top_30_35,ordinary,ordinary
Aced125,1,"37,713",top_30_35,ordinary,ordinary
kmcmillan,1,"37,312",top_30_35,ordinary,ordinary
dendodge,1,"45,773",top_30_35,ordinary,ordinary
Ashwin,1,"55,033",top_30_35,ordinary,ordinary
InquisitiveMind,1,"46,612",top_30_35,ordinary,ordinary
Ashutosh,1,"37,880",no_participation,ordinary,ordinary
baffledu,1,"35,889",top_30_35,ordinary,ordinary
user6376297,1,"51,777",top_30_35,ordinary,ordinary
Neal,1,"50,849",top_30_35,ordinary,ordinary
Armut,1,"34,651",top_30_35,ordinary,ordinary
The_Vinz,1,"44,841",top_5,top_5,outstanding
DLA,1,"29,476",top_30_35,ordinary,ordinary
Wise,1,"29,948",top_30_35,ordinary,ordinary
"2mia",1,"34,107",top_30_35,ordinary,ordinary
MDB,1,"29,657",top_30_35,ordinary,ordinary
tpg2114,1,"29,484",top_30_35,ordinary,ordinary
Koyomi-chan,1,"33,368",top_35_40,ordinary,ordinary
bandicoot12,1,"31,717",top_35_40,ordinary,ordinary
user225430,1,"38,223",top_35_40,ordinary,ordinary
user3882522,1,"39,091",top_35_40,ordinary,ordinary
user282856,1,"39,533",top_35_40,ordinary,ordinary
TheStarVoyager,1,"32,428",top_35_40,ordinary,ordinary
shaima,1,"33,670",top_35_40,ordinary,ordinary
neOh,1,"30,055",top_35_40,ordinary,ordinary
ashi,1,"46,112",top_35_40,ordinary,ordinary
Musicpulpite,1,"34,219",top_35_40,ordinary,ordinary
gamma1,1,"53,519",top_5,top_5,outstanding
bluepawel,1,"29,390",top_35_40,ordinary,ordinary
Phanz,1,"42,115",top_35_40,ordinary,ordinary
Crimsonvale,1,"44,427",top_35_40,ordinary,ordinary
iamnotmaynard,1,"34,902",top_35_40,ordinary,ordinary
mmh,1,"35,013",top_35_40,ordinary,ordinary
fumifugium,1,"29,953",top_35_40,ordinary,ordinary
Molec,1,"39,772",top_35_40,ordinary,ordinary
"5antoro",1,"46,704",top_35_40,ordinary,ordinary
user1155386,1,"40,847",top_35_40,ordinary,ordinary
gluco,1,"42,722",top_35_40,ordinary,ordinary
user13006,1,"35,260",top_35_40,ordinary,ordinary
user15831,1,"36,549",top_35_40,ordinary,ordinary
Srathi00,1,"41,539",top_35_40,ordinary,ordinary
unrnick,1,"46,788",top_35_40,ordinary,ordinary
user2986288,1,"34,223",top_35_40,ordinary,ordinary
kimdazar,1,"44,904",top_35_40,ordinary,ordinary
Sork,1,"37,610",top_35_40,ordinary,ordinary
per,1,"35,941",top_35_40,ordinary,ordinary
user116160,1,"32,516",top_35_40,ordinary,ordinary
khajiit,1,"49,461",top_35_40,ordinary,ordinary
Salda,1,"29,426",top_35_40,ordinary,ordinary
user1928162,1,"32,110",top_35_40,ordinary,ordinary
user21891,1,"39,322",top_35_40,ordinary,ordinary
Pao,1,"31,283",top_35_40,ordinary,ordinary
ToxicTechnetium,1,"32,464",top_35_40,ordinary,ordinary
Suchal,1,"32,771",top_35_40,ordinary,ordinary
user38876,1,"48,985",top_35_40,ordinary,ordinary
Learm,1,"47,419",top_35_40,ordinary,ordinary
Eloise,1,"46,119",top_5,top_5,outstanding
Jonathanjaya,1,"34,641",top_35_40,ordinary,ordinary
VinegrMan,1,"35,598",top_35_40,ordinary,ordinary
Shahad,1,"41,454",top_35_40,ordinary,ordinary
cryptex,1,"35,691",top_35_40,ordinary,ordinary
Zardan,1,"36,341",top_35_40,ordinary,ordinary
samsung,1,"54,940",top_35_40,ordinary,ordinary
truetoall,1,"55,864",top_40_45,ordinary,ordinary
Dervis,1,"55,332",top_40_45,ordinary,ordinary
user43496,1,"53,493",top_40_45,ordinary,ordinary
thinker,1,"29,404",top_40_45,ordinary,ordinary
Kaylyn,1,"33,792",top_40_45,ordinary,ordinary
Marange,1,"44,018",top_40_45,ordinary,ordinary
user27186,1,"41,834",top_40_45,ordinary,ordinary
chemistryyo,1,"35,864",top_40_45,ordinary,ordinary
user3256725,1,"38,617",top_40_45,ordinary,ordinary
user73157,1,"36,362",top_40_45,ordinary,ordinary
logicallyabsurd,1,"46,100",top_40_45,ordinary,ordinary
user3141208,1,"51,538",top_40_45,ordinary,ordinary
pwghost,1,"41,224",top_40_45,ordinary,ordinary
BJH,1,"51,048",top_40_45,ordinary,ordinary
cwagen,1,"37,555",top_40_45,ordinary,ordinary
ChemNomad,1,"39,923",top_40_45,ordinary,ordinary
Cheapstrike,1,"45,039",top_40_45,ordinary,ordinary
Matej,1,"34,272",top_40_45,ordinary,ordinary
chilliBeanDream,1,"42,753",top_40_45,ordinary,ordinary
user136782,1,"49,676",top_40_45,ordinary,ordinary
user28625,1,"42,652",top_40_45,ordinary,ordinary
user2789433,1,"31,991",top_40_45,ordinary,ordinary
pronoob,1,"49,989",top_40_45,ordinary,ordinary
user16976,1,"37,377",top_40_45,ordinary,ordinary
Jantomedes,1,"31,052",top_40_45,ordinary,ordinary
sonder,1,"31,196",top_40_45,ordinary,ordinary
bramhaag,1,"42,903",top_40_45,ordinary,ordinary
Tintanjarafe,1,"34,995",top_40_45,ordinary,ordinary
NFA,1,"52,742",top_40_45,ordinary,ordinary
Calikin,1,"29,054",top_40_45,ordinary,ordinary
rumguff,1,"39,381",top_40_45,ordinary,ordinary
ClaraMarie,1,"52,429",top_40_45,ordinary,ordinary
AVIE,1,"41,001",top_40_45,ordinary,ordinary
sean,1,"38,536",top_45_50,ordinary,ordinary
xxx,1,"43,217",top_45_50,ordinary,ordinary
user16146,1,"36,765",top_45_50,ordinary,ordinary
LM26,1,"53,824",top_45_50,ordinary,ordinary
Bayan,1,"51,089",top_45_50,ordinary,ordinary
Tharindu,1,"30,895",top_45_50,ordinary,ordinary
mystreet123,1,"43,362",top_45_50,ordinary,ordinary
Halo,1,"54,502",top_45_50,ordinary,ordinary
"4C0G",1,"44,031",top_45_50,ordinary,ordinary
jimrandomh,1,"30,028",top_45_50,ordinary,ordinary
user4117,1,"31,433",top_45_50,ordinary,ordinary
anarchy8,1,"35,154",top_45_50,ordinary,ordinary
user4838,1,"31,998",top_45_50,ordinary,ordinary
user97462,1,"35,944",top_45_50,ordinary,ordinary
user16060,1,"36,703",top_45_50,ordinary,ordinary
Denatured,1,"35,368",top_45_50,ordinary,ordinary
jasnoor,1,"43,148",top_45_50,ordinary,ordinary
user8005,1,"30,310",top_45_50,ordinary,ordinary
m1clee,1,"41,359",top_45_50,ordinary,ordinary
Navysubgirl,1,"40,616",top_45_50,ordinary,ordinary
user8697,1,"33,307",top_45_50,ordinary,ordinary
daveid,1,"39,212",top_50_100,ordinary,ordinary
Zeyuan,1,"42,039",top_50_100,ordinary,ordinary
l1zzy23,1,"45,701",top_50_100,ordinary,ordinary
newton,1,"33,848",top_50_100,ordinary,ordinary
user2985955,1,"40,573",top_50_100,ordinary,ordinary
bela83,1,"32,442",top_50_100,ordinary,ordinary
Bulawa,1,"32,481",top_50_100,ordinary,ordinary
babu,1,"36,892",top_50_100,ordinary,ordinary
Stuff,1,"42,045",top_50_100,ordinary,ordinary
ahmad,1,"45,071",top_50_100,ordinary,ordinary
student123,1,"39,271",top_50_100,ordinary,ordinary
chocoly,1,"45,431",top_50_100,ordinary,ordinary
Krateng,1,"47,567",top_50_100,ordinary,ordinary
Pi.Lilac,1,"54,506",top_50_100,ordinary,ordinary
cartmanbrahhhhh,1,"55,240",top_50_100,ordinary,ordinary
juliodesa,1,"45,422",top_50_100,ordinary,ordinary
FinlandRules,1,"33,411",top_50_100,ordinary,ordinary
Arn_kap,1,"44,220",top_50_100,ordinary,ordinary
At0micCyb0rg,1,"38,400",top_50_100,ordinary,ordinary
user5420,1,"32,474",top_50_100,ordinary,ordinary
HighEnergy,1,"43,946",top_50_100,ordinary,ordinary
Uffe,1,"32,170",top_50_100,ordinary,ordinary
user2804925,1,"40,285",top_50_100,ordinary,ordinary
"1Q86",1,"32,144",top_50_100,ordinary,ordinary
"1111",1,"44,800",top_50_100,ordinary,ordinary
kshae8,1,"41,306",top_50_100,ordinary,ordinary
Nanna,1,"56,053",top_50_100,ordinary,ordinary
Te55eract,1,"54,630",top_50_100,ordinary,ordinary
Knox777,1,"48,536",top_50_100,ordinary,ordinary
user162485,1,"33,036",top_50_100,ordinary,ordinary
user3904,1,"31,256",top_50_100,ordinary,ordinary
Ds.109,1,"31,062",top_50_100,ordinary,ordinary
DoubtExpert,1,"54,433",top_50_100,ordinary,ordinary
querambique,1,"39,877",top_50_100,ordinary,ordinary
Rani,1,"40,167",top_50_100,ordinary,ordinary
Sutekh,1,"39,487",top_50_100,ordinary,ordinary
CommandoGeek,1,"42,718",top_50_100,ordinary,ordinary
NF7,1,"38,738",top_50_100,ordinary,ordinary
user109992,1,"35,259",top_50_100,ordinary,ordinary
user21150,1,"38,879",top_50_100,ordinary,ordinary
user5475,1,"32,519",top_50_100,ordinary,ordinary
SeaCat,1,"38,293",top_50_100,ordinary,ordinary
Raegdan,1,"36,695",top_50_100,ordinary,ordinary
user3889649,1,"37,100",top_50_100,ordinary,ordinary
elaine,1,"36,564",top_50_100,ordinary,ordinary
MrCMedlin,1,"33,722",top_50_100,ordinary,ordinary
user3754535,1,"48,167",top_50_100,ordinary,ordinary
chemlove29310,1,"39,371",top_50_100,ordinary,ordinary
cl10k,1,"40,900",top_50_100,ordinary,ordinary
mahos,1,"30,333",top_50_100,ordinary,ordinary
user99364,1,"40,302",top_50_100,ordinary,ordinary
buckminst,1,"30,021",top_5,top_5,outstanding
camerobn,1,"39,751",top_50_100,ordinary,ordinary
DefinitelyNotAPlesiosaur,1,"40,274",top_50_100,ordinary,ordinary
Regie,1,"29,577",top_50_100,ordinary,ordinary
JeannaT,1,"35,337",top_50_100,ordinary,ordinary
aazz20,1,"40,317",top_50_100,ordinary,ordinary
CowperKettle,1,"33,115",top_5,top_5,outstanding
aaab,1,"30,274",top_50_100,ordinary,ordinary
user2561,1,"30,991",top_50_100,ordinary,ordinary
Yumnam_G,1,"38,978",top_50_100,ordinary,ordinary
pigeon,1,"38,930",top_50_100,ordinary,ordinary
Arcuvia,1,"48,629",top_50_100,ordinary,ordinary
TheLostGuardian0,1,"54,057",top_50_100,ordinary,ordinary
user41388,1,"51,420",top_50_100,ordinary,ordinary
ghazi,1,"52,993",top_50_100,ordinary,ordinary
Erol,1,"56,157",top_50_100,ordinary,ordinary
user16139,1,"36,760",top_50_100,ordinary,ordinary
lkR,1,"39,633",top_50_100,ordinary,ordinary
Atharva,1,"39,986",top_50_100,ordinary,ordinary
Corvinus,1,"40,440",top_50_100,ordinary,ordinary
kadabrium,1,"36,599",top_50_100,ordinary,ordinary
user2232,1,"30,732",top_50_100,ordinary,ordinary
cgupta2727,1,"40,469",top_50_100,ordinary,ordinary
Riggycat,1,"54,085",top_50_100,ordinary,ordinary
jimpix,1,"45,142",top_50_100,ordinary,ordinary
AVyas,1,"40,945",top_50_100,ordinary,ordinary
Crimson-Ruby,1,"53,695",top_50_100,ordinary,ordinary
MarcoXerox,1,"39,223",top_50_100,ordinary,ordinary
Uriah,1,"55,854",top_50_100,ordinary,ordinary
surabhii,1,"49,888",top_50_100,ordinary,ordinary
ComputerCraftr,1,"55,983",top_50_100,ordinary,ordinary
CANACANA,1,"40,180",top_50_100,ordinary,ordinary
user1723,1,"30,306",top_50_100,ordinary,ordinary
Tlwolf,1,"35,428",top_50_100,ordinary,ordinary
Sushifish,1,"45,883",top_50_100,ordinary,ordinary
user115862,1,"31,719",top_50_100,ordinary,ordinary
JST,1,"32,603",top_50_100,ordinary,ordinary
user14537,1,"35,675",top_50_100,ordinary,ordinary
Mathquestion-eer,1,"39,169",top_50_100,ordinary,ordinary
Brayton,1,"33,973",top_50_100,ordinary,ordinary
DBTKNL,1,"48,198",top_50_100,ordinary,ordinary
Pearu,1,"42,529",top_50_100,ordinary,ordinary
Tlama,1,"53,582",top_50_100,ordinary,ordinary
leadgame,1,"47,093",top_50_100,ordinary,ordinary
bdbdbd,1,"43,651",top_50_100,ordinary,ordinary
Honwang,1,"45,330",top_50_100,ordinary,ordinary
Peregrine,1,"38,333",top_50_100,ordinary,ordinary
CCR,1,"31,847",top_5,top_5,outstanding
Goocholplex,1,"31,818",top_50_100,ordinary,ordinary
GanguDas,1,"38,882",top_50_100,ordinary,ordinary
user47568,1,"32,758",top_50_100,ordinary,ordinary
sapir,1,"49,972",top_50_100,ordinary,ordinary
francesca,1,"34,974",top_50_100,ordinary,ordinary
我叫叶莎,1,"40,199",top_50_100,ordinary,ordinary
InquisitiveCheese,1,"34,805",top_50_100,ordinary,ordinary
user44545,1,"54,518",top_50_100,ordinary,ordinary
Roshan,1,"29,758",top_50_100,ordinary,ordinary
user3063183,1,"34,262",top_50_100,ordinary,ordinary
ycY,1,"54,770",top_50_100,ordinary,ordinary
user41056,1,"51,096",top_50_100,ordinary,ordinary
Mamun,1,"54,200",top_50_100,ordinary,ordinary
Rej,1,"51,008",top_50_100,ordinary,ordinary
EdwardHD,1,"37,727",top_50_100,ordinary,ordinary
steveorg,1,"43,733",top_50_100,ordinary,ordinary
JQQ,1,"53,018",top_50_100,ordinary,ordinary
TheRWS96,1,"49,118",top_50_100,ordinary,ordinary
Zara,1,"36,436",top_50_100,ordinary,ordinary
ILoveJesus,1,"48,463",top_50_100,ordinary,ordinary
NoobCoder,1,"35,795",top_50_100,ordinary,ordinary
Raf,1,"35,813",top_50_100,ordinary,ordinary
gustavoreche,1,"50,616",top_50_100,ordinary,ordinary
Sofiko,1,"51,984",top_50_100,ordinary,ordinary
Pink_NinjaTurtle,1,"52,496",top_50_100,ordinary,ordinary
lemos,1,"48,256",top_50_100,ordinary,ordinary
Andreade,1,"46,008",top_50_100,ordinary,ordinary
WooTangClan,1,"39,335",top_50_100,ordinary,ordinary
user38146,1,"48,354",top_50_100,ordinary,ordinary
iDomo,1,"40,341",top_50_100,ordinary,ordinary
Alek,1,"45,059",top_50_100,ordinary,ordinary
Mewton,1,"55,861",top_50_100,ordinary,ordinary
user5714,1,"32,711",top_50_100,ordinary,ordinary
Barbu,1,"48,064",top_50_100,ordinary,ordinary
iso345,1,"37,868",top_50_100,ordinary,ordinary
Pickering,1,"31,573",top_50_100,ordinary,ordinary
Gordon,1,"38,574",top_50_100,ordinary,ordinary
yjasz98,1,"45,230",top_50_100,ordinary,ordinary
Ambarish,1,"46,613",top_50_100,ordinary,ordinary
adi,1,"40,022",top_50_100,ordinary,ordinary
aidaGoG,1,"40,009",top_50_100,ordinary,ordinary
Goodyear,1,"43,962",top_50_100,ordinary,ordinary
name,1,"51,464",top_50_100,ordinary,ordinary
GhostFX,1,"45,402",top_50_100,ordinary,ordinary
redbull123,1,"51,259",top_50_100,ordinary,ordinary
user40353,1,"50,408",top_50_100,ordinary,ordinary
user1825567,1,"41,885",top_5,top_5,outstanding
Feodoran,1,"54,419",top_5,top_5,outstanding
owjburnham,1,"50,347",top_5,top_5,outstanding
craigim,1,"30,022",top_5,top_5,outstanding
caconyrn,1,"33,645",top_5,top_5,outstanding
Armfoot,1,"37,320",top_5,top_5,outstanding
user2246,1,"30,740",top_5,top_5,outstanding
ziggy,1,"36,723",top_5,top_5,outstanding
L.B.,1,"32,240",top_5,top_5,outstanding
Tinkidinki,1,"39,297",top_5,top_5,outstanding
Ris97,1,"31,197",top_5,top_5,outstanding
chiari,1,"56,196",top_50_100,ordinary,ordinary
Newton,1,"38,678",top_5,top_5,outstanding
fyrepenguin,1,"42,301",top_5,top_5,outstanding
mnmakrets,1,"40,360",top_35_40,ordinary,ordinary
varun,1,"36,045",top_50_100,ordinary,ordinary
Isobutane,1,"46,410",top_5,top_5,outstanding
freude,1,"30,284",top_5,top_5,outstanding
Fiire,1,"29,424",top_5,top_5,outstanding
user176105,1,"29,146",top_5,top_5,outstanding
DrHarps,1,"34,293",top_5,top_5,outstanding
dsmith,1,"34,663",top_50_100,ordinary,ordinary
Bdrs,1,"46,630",top_5,top_5,outstanding
becko,1,"29,809",top_5_10,top_5_10,outstanding
Jesuspowder,1,"50,420",top_5_10,top_5_10,outstanding
duplode,1,"31,088",top_5_10,top_5_10,outstanding
TOLA3HPPA,1,"44,182",top_5_10,top_5_10,outstanding
marshall,1,"30,343",top_5_10,top_5_10,outstanding
Maher,1,"32,852",top_5_10,top_5_10,outstanding
Paraquat,1,"48,887",top_5_10,top_5_10,outstanding
Coherent,1,"33,450",top_5_10,top_5_10,outstanding
jaykirby,1,"30,411",top_5_10,top_5_10,outstanding
Lucademicus,1,"39,886",top_5_10,top_5_10,outstanding
saldenisov,1,"31,795",top_5,top_5,outstanding
james_ash,1,"29,101",top_5,top_5,outstanding
DJohnM,1,"31,076",top_5_10,top_5_10,outstanding
Aabaakawad,1,"38,715",top_5_10,top_5_10,outstanding
turnt,1,"33,374",top_5,top_5,outstanding
user51166,1,"29,122",top_5_10,top_5_10,outstanding
IanF1,1,"49,752",no_participation,ordinary,ordinary
Kunal,1,"51,950",no_participation,ordinary,ordinary
EdmDroid,1,"35,463",top_5_10,top_5_10,outstanding
User5,1,"43,906",top_5_10,top_5_10,outstanding
Fawad,1,"45,984",top_5_10,top_5_10,outstanding
StevieD,1,"42,374",top_5,top_5,outstanding
ste,1,"32,008",top_5,top_5,outstanding
Epicentre,1,"29,502",top_5,top_5,outstanding
DarenW,1,"29,367",top_5_10,top_5_10,outstanding
Cardtrick,1,"28,878",top_5,top_5,outstanding
okarin,1,"31,618",top_5_10,top_5_10,outstanding
Satyajeet,1,"37,407",top_5_10,top_5_10,outstanding
Slavatron,1,"33,111",top_5_10,top_5_10,outstanding
Galen,1,"34,699",top_5_10,top_5_10,outstanding
riemannium,1,"31,221",top_5_10,top_5_10,outstanding
user37421,1,"31,995",top_5_10,top_5_10,outstanding
jvriesem,1,"36,848",top_5_10,top_5_10,outstanding
quidproquo,1,"35,246",top_5_10,top_5_10,outstanding
Richardbernstein,1,"29,374",top_5_10,top_5_10,outstanding
user80551,1,"30,485",top_5_10,top_5_10,outstanding
hhh,1,"29,649",top_5_10,top_5_10,outstanding
mick,1,"29,355",top_5_10,top_5_10,outstanding
olliepower,1,"32,714",top_5_10,top_5_10,outstanding
coloratura,1,"38,331",top_5,top_5,outstanding
user14717,1,"37,947",top_5_10,top_5_10,outstanding
user1915639,1,"29,679",top_5,top_5,outstanding
Cetshwayo,1,"33,486",top_5_10,top_5_10,outstanding
chase,1,"29,904",top_5_10,top_5_10,outstanding
Abdullah,1,"30,439",top_5_10,top_5_10,outstanding
tillyboy,1,"54,583",top_5_10,top_5_10,outstanding
user3786990,1,"32,931",top_5_10,top_5_10,outstanding
SimonS,1,"29,080",top_5_10,top_5_10,outstanding
KalleMP,1,"42,065",top_5_10,top_5_10,outstanding
ghosts_in_the_code,1,"38,964",top_5_10,top_5_10,outstanding
Ricardo,1,"31,320",no_participation,ordinary,ordinary
Aniansh,1,"41,614",top_5_10,top_5_10,outstanding
CCC,1,"40,730",top_5_10,top_5_10,outstanding
nitrl,1,"29,847",top_5_10,top_5_10,outstanding
netom,1,"34,203",top_5_10,top_5_10,outstanding
Nope,1,"30,278",top_5_10,top_5_10,outstanding
apocryphalauthor,1,"35,552",top_5_10,top_5_10,outstanding
Aerovistae,1,"29,174",top_5_10,top_5_10,outstanding
bodacydo,1,"35,905",top_5_10,top_5_10,outstanding
Ignacio,1,"36,563",top_5_10,top_5_10,outstanding
Sosi,1,"29,606",top_5_10,top_5_10,outstanding
Rainer,1,"39,732",top_5_10,top_5_10,outstanding
MackTuesday,1,"39,163",top_5_10,top_5_10,outstanding
spraff,1,"34,574",top_5_10,top_5_10,outstanding
user2879934,1,"39,915",top_5_10,top_5_10,outstanding
Glycerius,1,"48,228",top_5_10,top_5_10,outstanding
AttributedTensorField,1,"32,770",top_5_10,top_5_10,outstanding
tardigrade,1,"44,843",top_5_10,top_5_10,outstanding
Harpal,1,"28,954",top_5_10,top_5_10,outstanding
Vytenis,1,"28,923",top_5_10,top_5_10,outstanding
RLH,1,"29,380",top_10_15,top_10_15,outstanding
beginner_,1,"33,890",no_participation,ordinary,ordinary
zero,1,"42,356",no_participation,ordinary,ordinary
nekomatic,1,"33,304",top_10_15,top_10_15,outstanding
Singh,1,"32,270",top_10_15,top_10_15,outstanding
ulidtko,1,"41,330",top_10_15,top_10_15,outstanding
Tina,1,"53,179",top_10_15,top_10_15,outstanding
Howsikan,1,"42,024",top_10_15,top_10_15,outstanding
costrom,1,"38,892",top_10_15,top_10_15,outstanding
JavaNewbie_M107,1,"30,506",top_10_15,top_10_15,outstanding
Nit,1,"32,351",top_10_15,top_10_15,outstanding
Avi,1,"46,232",top_10_15,top_10_15,outstanding
Shmoopy,1,"30,995",top_10_15,top_10_15,outstanding
Darshan,1,"40,140",no_participation,ordinary,ordinary
Cargo,1,"29,459",top_5,top_5,outstanding
user1306322,1,"31,037",top_10_15,top_10_15,outstanding
Rory,1,"28,905",top_5,top_5,outstanding
Yann,1,"28,806",top_10_15,top_10_15,outstanding
baharini,1,"32,755",top_10_15,top_10_15,outstanding
pwcnorthrop,1,"44,902",top_10_15,top_10_15,outstanding
Arc676,1,"31,637",top_10_15,top_10_15,outstanding
aabmass,1,"39,518",top_10_15,top_10_15,outstanding
xyz123,1,"47,213",top_10_15,top_10_15,outstanding
Sparrowcide,1,"38,494",top_10_15,top_10_15,outstanding
Cyrus,1,"29,727",top_10_15,top_10_15,outstanding
user1491819,1,"41,821",top_10_15,top_10_15,outstanding
NMJD,1,"49,138",top_5,top_5,outstanding
Danxe,1,"34,201",top_10_15,top_10_15,outstanding
Freeman,1,"30,527",top_10_15,top_10_15,outstanding
ipcamit,1,"35,970",top_10_15,top_10_15,outstanding
chemistrylove,1,"50,852",top_10_15,top_10_15,outstanding
coteyr,1,"43,287",top_10_15,top_10_15,outstanding
Jx1,1,"37,060",top_10_15,top_10_15,outstanding
venture,1,"33,479",top_10_15,top_10_15,outstanding
MikeW,1,"47,499",no_participation,ordinary,ordinary
DevSolar,1,"41,537",top_10_15,top_10_15,outstanding
dark32,1,"40,571",top_10_15,top_10_15,outstanding
GiantSpruce,1,"49,804",top_10_15,top_10_15,outstanding
user456,1,"37,926",top_10_15,top_10_15,outstanding
karl,1,"49,262",no_participation,ordinary,ordinary
Srishti,1,"44,082",top_10_15,top_10_15,outstanding
MathCurious314,1,"43,678",top_10_15,top_10_15,outstanding
Rupin,1,"29,429",top_10_15,top_10_15,outstanding
DarcyThomas,1,"37,184",top_10_15,top_10_15,outstanding
yeoman,1,"46,591",top_10_15,top_10_15,outstanding
lurscher,1,"29,352",top_10_15,top_10_15,outstanding
Marjeta,1,"30,138",top_10_15,top_10_15,outstanding
Demi,1,"31,857",top_10_15,top_10_15,outstanding
Dr_bitz,1,"29,014",top_10_15,top_10_15,outstanding
CryptoQuick,1,"29,267",top_10_15,top_10_15,outstanding
Just_a_fool,1,"32,220",top_10_15,top_10_15,outstanding
oveoyas,1,"30,352",top_5,top_5,outstanding
Tomi,1,"47,324",top_10_15,top_10_15,outstanding
hb20007,1,"44,175",top_10_15,top_10_15,outstanding
kartik,1,"53,881",no_participation,ordinary,ordinary
Lahav,1,"39,336",top_10_15,top_10_15,outstanding
Checkmate,1,"44,373",top_10_15,top_10_15,outstanding
Artemisia,1,"31,374",top_10_15,top_10_15,outstanding
equant,1,"30,375",top_10_15,top_10_15,outstanding
hongchaniyi,1,"37,631",top_10_15,top_10_15,outstanding
user103218,1,"43,941",top_10_15,top_10_15,outstanding
user58953,1,"33,899",top_10_15,top_10_15,outstanding
ahorn,1,"34,446",top_10_15,top_10_15,outstanding
Sikander,1,"39,989",top_10_15,top_10_15,outstanding
Marzipanherz,1,"40,119",top_10_15,top_10_15,outstanding
Everett,1,"29,400",top_10_15,top_10_15,outstanding
Xenopathic,1,"33,678",top_10_15,top_10_15,outstanding
Muze,1,"49,543",top_10_15,top_10_15,outstanding
roymend,1,"33,217",top_10_15,top_10_15,outstanding
MrLuke370,1,"40,351",top_10_15,top_10_15,outstanding
mawcsco,1,"30,864",top_10_15,top_10_15,outstanding
Soviero,1,"33,004",top_15_20,ordinary,ordinary
davcs86,1,"33,194",top_15_20,ordinary,ordinary
Razorlance,1,"37,836",top_15_20,ordinary,ordinary
nightcrawler,1,"33,424",top_15_20,ordinary,ordinary
almosnow,1,"38,904",top_15_20,ordinary,ordinary
EhevuTov,1,"30,305",top_15_20,ordinary,ordinary
Peteris,1,"32,067",top_15_20,ordinary,ordinary
kierlani,1,"36,342",top_15_20,ordinary,ordinary
DrZ214,1,"37,562",top_15_20,ordinary,ordinary
student1,1,"34,068",top_15_20,ordinary,ordinary
flow,1,"29,037",top_15_20,ordinary,ordinary
mathemather,1,"38,238",top_15_20,ordinary,ordinary
ostal123,1,"44,963",top_15_20,ordinary,ordinary
pablodf76,1,"49,619",top_15_20,ordinary,ordinary
user233658,1,"37,158",top_15_20,ordinary,ordinary
user2018675,1,"44,396",top_15_20,ordinary,ordinary
Sudhanshu,1,"38,032",top_15_20,ordinary,ordinary
noelicus,1,"31,109",top_15_20,ordinary,ordinary
ATP,1,"39,384",top_15_20,ordinary,ordinary
reflexiv,1,"31,228",top_15_20,ordinary,ordinary
Abhishekstudent,1,"34,960",top_15_20,ordinary,ordinary
puk,1,"30,338",top_15_20,ordinary,ordinary
spoorlezer,1,"35,140",top_15_20,ordinary,ordinary
PiZzL3,1,"35,753",top_15_20,ordinary,ordinary
Edza,1,"32,840",top_15_20,ordinary,ordinary
Cyberson,1,"36,712",top_15_20,ordinary,ordinary
KOLANICH,1,"34,761",top_15_20,ordinary,ordinary
Kasper,1,"30,286",top_15_20,ordinary,ordinary
Mcruggs,1,"40,737",top_15_20,ordinary,ordinary
Mathxx,1,"35,871",top_15_20,ordinary,ordinary
HericDenis,1,"30,960",top_15_20,ordinary,ordinary
phenolicdeath,1,"47,029",top_15_20,ordinary,ordinary
CognisMantis,1,"34,243",top_5,top_5,outstanding
svavil,1,"41,909",top_15_20,ordinary,ordinary
einnocent,1,"39,648",top_15_20,ordinary,ordinary
Tango,1,"30,065",top_15_20,ordinary,ordinary
user2813274,1,"34,750",top_15_20,ordinary,ordinary
Vorac,1,"30,556",top_15_20,ordinary,ordinary
noumenal,1,"35,909",top_15_20,ordinary,ordinary
Man_Of_Wisdom,1,"35,977",top_15_20,ordinary,ordinary
user14840,1,"35,878",top_15_20,ordinary,ordinary
Apeiron,1,"42,940",top_15_20,ordinary,ordinary
MolbOrg,1,"32,194",top_15_20,ordinary,ordinary
BRabbit27,1,"30,264",top_15_20,ordinary,ordinary
Mohebifar,1,"34,996",top_15_20,ordinary,ordinary
piojo,1,"35,727",top_15_20,ordinary,ordinary
psmears,1,"36,922",top_15_20,ordinary,ordinary
packet0,1,"48,122",top_15_20,ordinary,ordinary
Itsme2003,1,"41,501",top_15_20,ordinary,ordinary
OlafM,1,"45,237",top_15_20,ordinary,ordinary
jibo,1,"55,120",top_15_20,ordinary,ordinary
clapas,1,"30,057",top_15_20,ordinary,ordinary
Starlight,1,"44,084",top_15_20,ordinary,ordinary
Yura,1,"32,226",top_15_20,ordinary,ordinary
Nat,1,"32,814",top_15_20,ordinary,ordinary
user29568,1,"32,817",top_15_20,ordinary,ordinary
LXSoft,1,"33,031",top_15_20,ordinary,ordinary
CPak,1,"46,878",top_15_20,ordinary,ordinary
Wibbs,1,"48,964",top_20_25,ordinary,ordinary
JJ_Jason,1,"38,550",top_20_25,ordinary,ordinary
Kraw,1,"42,120",top_20_25,ordinary,ordinary
Calmarius,1,"30,751",top_20_25,ordinary,ordinary
Zaz,1,"30,336",top_20_25,ordinary,ordinary
Oolong,1,"32,462",top_20_25,ordinary,ordinary
Raksh23,1,"40,490",top_20_25,ordinary,ordinary
alec_djinn,1,"41,357",top_20_25,ordinary,ordinary
Dmitriusan,1,"31,073",top_20_25,ordinary,ordinary
Wossname,1,"48,386",top_20_25,ordinary,ordinary
user1122069,1,"34,288",top_20_25,ordinary,ordinary
SkyDreamer9,1,"32,224",top_20_25,ordinary,ordinary
"23k",1,"32,589",top_20_25,ordinary,ordinary
Lucian09474,1,"32,824",top_20_25,ordinary,ordinary
lilott8,1,"45,851",top_20_25,ordinary,ordinary
squigbobble,1,"41,946",top_20_25,ordinary,ordinary
Taiki,1,"39,600",top_20_25,ordinary,ordinary
jm666,1,"33,598",top_20_25,ordinary,ordinary
Utku,1,"40,690",top_20_25,ordinary,ordinary
nest,1,"40,169",top_20_25,ordinary,ordinary
dramasea,1,"29,494",top_20_25,ordinary,ordinary
Carpediem,1,"31,700",top_20_25,ordinary,ordinary
burntblark,1,"30,693",top_20_25,ordinary,ordinary
Mathbg,1,"55,245",top_20_25,ordinary,ordinary
albapa,1,"37,206",top_5,top_5,outstanding
barbecue,1,"38,835",top_20_25,ordinary,ordinary
PhiS,1,"39,321",top_20_25,ordinary,ordinary
WayneEra,1,"39,572",top_20_25,ordinary,ordinary
Unistudent9,1,"30,165",top_20_25,ordinary,ordinary
sugunan,1,"34,455",top_20_25,ordinary,ordinary
football-fsj,1,"34,892",top_20_25,ordinary,ordinary
richard,1,"35,550",top_20_25,ordinary,ordinary
Derfder,1,"31,061",top_20_25,ordinary,ordinary
A9S6,1,"34,231",top_20_25,ordinary,ordinary
NextTimeDW,1,"54,414",top_20_25,ordinary,ordinary
Nissa,1,"43,960",top_20_25,ordinary,ordinary
biotech,1,"44,592",top_25_30,ordinary,ordinary
alberto2000,1,"45,775",top_25_30,ordinary,ordinary
Chemobot,1,"42,419",top_25_30,ordinary,ordinary
Here-to-learn,1,"49,862",top_25_30,ordinary,ordinary
user3650050,1,"45,836",top_25_30,ordinary,ordinary
DJA,1,"31,960",top_25_30,ordinary,ordinary
Gallifreyan,1,"49,909",top_25_30,ordinary,ordinary
OrangeDog,1,"33,266",top_25_30,ordinary,ordinary
JakeGould,1,"42,014",top_25_30,ordinary,ordinary
privetDruzia,1,"39,653",top_25_30,ordinary,ordinary
Vinterwoo,1,"39,171",top_25_30,ordinary,ordinary
gerrit,1,"30,625",top_25_30,ordinary,ordinary
tuskiomi,1,"38,955",top_25_30,ordinary,ordinary
BEWARB,1,"40,651",top_25_30,ordinary,ordinary
oPless,1,"49,486",top_25_30,ordinary,ordinary
ArtOfCode,1,"36,988",top_25_30,ordinary,ordinary
MattD,1,"41,009",top_25_30,ordinary,ordinary
Riftcaster,1,"55,975",top_25_30,ordinary,ordinary
nexus_2006,1,"45,659",top_25_30,ordinary,ordinary
gogators,1,"53,424",top_25_30,ordinary,ordinary
spacetyper,1,"44,480",top_25_30,ordinary,ordinary
JAB,1,"40,828",top_25_30,ordinary,ordinary
BoltClock,1,"29,870",top_25_30,ordinary,ordinary
user17753,1,"29,331",top_25_30,ordinary,ordinary
fafl,1,"44,865",top_25_30,ordinary,ordinary
whatsisname,1,"37,452",top_25_30,ordinary,ordinary
Carmeister,1,"55,225",top_25_30,ordinary,ordinary
Pere,1,"46,571",top_25_30,ordinary,ordinary
AndyT,1,"37,619",top_25_30,ordinary,ordinary
Shadur,1,"41,534",top_25_30,ordinary,ordinary
Berlin,1,"33,252",top_25_30,ordinary,ordinary
joel,1,"50,502",no_participation,ordinary,ordinary
fuzzyTew,1,"49,075",top_25_30,ordinary,ordinary
SpaceTrucker,1,"37,978",top_25_30,ordinary,ordinary
ajeh,1,"51,080",top_25_30,ordinary,ordinary
kasperd,1,"33,563",top_25_30,ordinary,ordinary
Crashworks,1,"41,965",top_25_30,ordinary,ordinary
sehe,1,"31,191",top_25_30,ordinary,ordinary
quintopia,1,"40,291",top_25_30,ordinary,ordinary
Johannes_B,1,"44,829",top_25_30,ordinary,ordinary
Chwebo,1,"45,384",top_25_30,ordinary,ordinary
ColGraff,1,"56,031",top_25_30,ordinary,ordinary
DRF,1,"40,676",top_25_30,ordinary,ordinary
GetFree,1,"40,925",top_25_30,ordinary,ordinary
RBarryYoung,1,"33,687",top_25_30,ordinary,ordinary
AndaluZ,1,"49,819",top_25_30,ordinary,ordinary
hvd,1,"47,896",top_25_30,ordinary,ordinary
aroth,1,"42,214",top_25_30,ordinary,ordinary
barrycarter,1,"42,363",top_25_30,ordinary,ordinary
erdekhayser,1,"33,978",top_25_30,ordinary,ordinary
corsiKa,1,"34,160",top_25_30,ordinary,ordinary
pentane,1,"34,830",top_30_35,ordinary,ordinary
Jonny,1,"34,863",top_30_35,ordinary,ordinary
Makyen,1,"34,981",top_30_35,ordinary,ordinary
Baker,1,"40,054",top_30_35,ordinary,ordinary
user12757,1,"35,066",top_30_35,ordinary,ordinary
TylerH,1,"35,194",top_30_35,ordinary,ordinary
silverjam,1,"43,326",top_30_35,ordinary,ordinary
the0ther,1,"32,098",top_30_35,ordinary,ordinary
mdpc,1,"29,619",top_30_35,ordinary,ordinary
medivh,1,"30,447",top_30_35,ordinary,ordinary
immibis,1,"35,627",top_30_35,ordinary,ordinary
NH.,1,"29,655",top_30_35,ordinary,ordinary
MysteriousWhisper,1,"35,961",top_30_35,ordinary,ordinary
Garrett,1,"36,159",top_30_35,ordinary,ordinary
gncs,1,"32,565",top_30_35,ordinary,ordinary
Martigan,1,"36,403",top_30_35,ordinary,ordinary
msouth,1,"32,656",top_30_35,ordinary,ordinary
emory,1,"32,660",top_30_35,ordinary,ordinary
Joh,1,"39,847",no_participation,ordinary,ordinary
Random832,1,"36,811",top_30_35,ordinary,ordinary
Archa,1,"44,121",top_30_35,ordinary,ordinary
Clippy,1,"44,188",top_30_35,ordinary,ordinary
