"id_user","count_she_he_usage","category","class","class2"
"6,701",1,top_20_25,ordinary,ordinary
"6,704",3,top_5,top_5,outstanding
"6,710",2,top_5,top_5,outstanding
"6,725",15,top_5,top_5,outstanding
"6,731",4,top_5,top_5,outstanding
"6,733",2,top_5,top_5,outstanding
"6,734",5,top_5_10,top_5_10,outstanding
"6,740",6,top_5,top_5,outstanding
"6,741",1,top_5_10,top_5_10,outstanding
"6,742",3,top_5,top_5,outstanding
"6,753",21,top_5,top_5,outstanding
"6,762",16,top_5,top_5,outstanding
"6,763",3,top_5,top_5,outstanding
"6,764",4,top_5,top_5,outstanding
"6,765",15,top_5,top_5,outstanding
"6,768",3,top_5,top_5,outstanding
"6,769",3,top_10_15,top_10_15,outstanding
"6,776",4,top_5,top_5,outstanding
"6,779",1,top_5,top_5,outstanding
"6,781",51,top_5,top_5,outstanding
"6,782",1,top_5,top_5,outstanding
"6,787",5,top_5_10,top_5_10,outstanding
"6,794",2,top_5,top_5,outstanding
"6,798",2,top_5,top_5,outstanding
"6,802",15,top_5,top_5,outstanding
"6,805",2,top_5,top_5,outstanding
"6,808",36,top_5,top_5,outstanding
"6,822",1,top_5,top_5,outstanding
"6,829",3,top_5,top_5,outstanding
"6,838",6,top_5,top_5,outstanding
"6,850",2,top_5,top_5,outstanding
"6,858",18,top_5,top_5,outstanding
"6,864",3,top_5,top_5,outstanding
"6,869",13,top_5,top_5,outstanding
"6,883",1,top_5,top_5,outstanding
"6,892",1,top_5,top_5,outstanding
"6,896",3,top_10_15,top_10_15,outstanding
"6,906",2,top_5,top_5,outstanding
"6,910",2,top_5,top_5,outstanding
"6,912",3,top_5_10,top_5_10,outstanding
"6,913",4,top_5,top_5,outstanding
"6,918",21,top_5,top_5,outstanding
"6,925",2,top_5,top_5,outstanding
"6,926",2,top_5,top_5,outstanding
"6,932",2,top_5_10,top_5_10,outstanding
"6,938",1,top_5,top_5,outstanding
"6,939",1,top_15_20,ordinary,ordinary
"6,963",9,top_5,top_5,outstanding
"6,983",5,top_5_10,top_5_10,outstanding
"6,989",9,top_5,top_5,outstanding
"6,990",2,top_10_15,top_10_15,outstanding
"7,019",6,top_5,top_5,outstanding
"7,021",1,top_5,top_5,outstanding
"7,025",2,top_10_15,top_10_15,outstanding
"7,028",2,top_5_10,top_5_10,outstanding
"7,044",1,top_5,top_5,outstanding
"7,064",6,top_5,top_5,outstanding
"7,067",2,top_5,top_5,outstanding
"7,082",3,top_5,top_5,outstanding
"7,102",43,top_5,top_5,outstanding
"7,107",3,top_5_10,top_5_10,outstanding
"7,137",4,top_5,top_5,outstanding
"7,158",22,top_5,top_5,outstanding
"7,162",5,top_5_10,top_5_10,outstanding
"7,168",6,top_5,top_5,outstanding
"7,193",8,top_5,top_5,outstanding
"7,198",4,top_5,top_5,outstanding
"7,200",5,top_5,top_5,outstanding
"7,211",2,top_5,top_5,outstanding
"7,214",1,top_5,top_5,outstanding
"7,217",1,top_5,top_5,outstanding
"7,220",1,top_15_20,ordinary,ordinary
"7,227",1,top_15_20,ordinary,ordinary
"7,230",5,top_5,top_5,outstanding
"7,232",14,top_5,top_5,outstanding
"7,238",2,top_5,top_5,outstanding
"7,240",5,top_5_10,top_5_10,outstanding
"7,241",5,top_5_10,top_5_10,outstanding
"7,274",6,top_5,top_5,outstanding
"7,277",1,top_5_10,top_5_10,outstanding
"7,282",1,top_5_10,top_5_10,outstanding
"7,314",2,top_10_15,top_10_15,outstanding
"7,318",1,top_5,top_5,outstanding
"7,325",10,top_5,top_5,outstanding
"7,330",1,top_10_15,top_10_15,outstanding
"7,333",5,top_5,top_5,outstanding
"7,335",1,top_5_10,top_5_10,outstanding
"7,344",1,top_15_20,ordinary,ordinary
"7,345",1,top_10_15,top_10_15,outstanding
"7,359",1,top_10_15,top_10_15,outstanding
"7,374",18,top_5,top_5,outstanding
"7,376",1,top_45_50,ordinary,ordinary
"7,380",1,top_10_15,top_10_15,outstanding
"7,382",1,top_50_100,ordinary,ordinary
"7,386",1,top_5,top_5,outstanding
"7,392",4,top_5,top_5,outstanding
"7,403",1,top_5,top_5,outstanding
"7,416",14,top_5,top_5,outstanding
"7,435",39,top_5,top_5,outstanding
"7,439",1,top_5,top_5,outstanding
"7,440",1,top_50_100,ordinary,ordinary
"7,443",1,top_5_10,top_5_10,outstanding
"7,445",1,top_5_10,top_5_10,outstanding
"7,454",1,top_5,top_5,outstanding
"7,466",6,top_5_10,top_5_10,outstanding
"7,467",2,top_25_30,ordinary,ordinary
"7,490",1,top_10_15,top_10_15,outstanding
"7,491",4,top_20_25,ordinary,ordinary
"7,495",2,top_5,top_5,outstanding
"7,496",2,top_10_15,top_10_15,outstanding
"7,509",2,top_25_30,ordinary,ordinary
"7,543",1,top_5_10,top_5_10,outstanding
"7,546",1,top_45_50,ordinary,ordinary
"7,558",1,top_5_10,top_5_10,outstanding
"7,565",57,top_5,top_5,outstanding
"7,571",2,top_50_100,ordinary,ordinary
"7,591",1,top_5,top_5,outstanding
"7,602",9,top_5_10,top_5_10,outstanding
"7,603",2,top_5_10,top_5_10,outstanding
"7,604",9,top_5,top_5,outstanding
"7,609",2,top_5,top_5,outstanding
"7,617",11,top_5,top_5,outstanding
"7,629",1,top_50_100,ordinary,ordinary
"7,659",2,top_20_25,ordinary,ordinary
"7,670",2,top_5_10,top_5_10,outstanding
"7,690",3,top_15_20,ordinary,ordinary
"7,698",1,top_15_20,ordinary,ordinary
"7,701",2,top_5,top_5,outstanding
"7,705",1,top_5_10,top_5_10,outstanding
"7,718",2,top_45_50,ordinary,ordinary
"7,719",8,top_5,top_5,outstanding
"7,726",2,top_5,top_5,outstanding
"7,727",1,top_35_40,ordinary,ordinary
"7,729",5,top_20_25,ordinary,ordinary
"7,730",2,top_30_35,ordinary,ordinary
"7,737",35,top_5,top_5,outstanding
"7,747",6,top_25_30,ordinary,ordinary
"7,754",1,top_5_10,top_5_10,outstanding
"7,755",4,top_15_20,ordinary,ordinary
"7,763",1,top_5_10,top_5_10,outstanding
"7,789",3,top_5_10,top_5_10,outstanding
"7,802",4,top_5,top_5,outstanding
"7,813",6,top_5,top_5,outstanding
"7,819",57,top_5,top_5,outstanding
"7,837",4,top_5,top_5,outstanding
"7,847",1,top_15_20,ordinary,ordinary
"7,848",2,top_5_10,top_5_10,outstanding
"7,850",1,top_15_20,ordinary,ordinary
"7,859",7,top_5_10,top_5_10,outstanding
"7,863",1,top_5_10,top_5_10,outstanding
"7,876",1,top_20_25,ordinary,ordinary
"7,882",1,top_5_10,top_5_10,outstanding
"7,885",72,top_5,top_5,outstanding
"7,887",1,top_20_25,ordinary,ordinary
"7,898",50,top_5,top_5,outstanding
"7,901",6,top_10_15,top_10_15,outstanding
"7,902",6,top_5,top_5,outstanding
"7,915",1,top_10_15,top_10_15,outstanding
"7,920",4,top_20_25,ordinary,ordinary
"7,936",1,top_35_40,ordinary,ordinary
"7,942",1,top_5,top_5,outstanding
"7,943",44,top_5,top_5,outstanding
"7,947",5,top_5,top_5,outstanding
"7,976",1,top_20_25,ordinary,ordinary
"7,993",17,top_5,top_5,outstanding
"7,998",1,top_50_100,ordinary,ordinary
"8,006",1,top_5,top_5,outstanding
"8,014",2,top_5,top_5,outstanding
"8,020",1,top_15_20,ordinary,ordinary
"8,031",1,top_5_10,top_5_10,outstanding
"8,033",3,top_5,top_5,outstanding
"8,041",1,top_5_10,top_5_10,outstanding
"8,044",1,top_30_35,ordinary,ordinary
"8,048",1,top_10_15,top_10_15,outstanding
"8,074",4,top_10_15,top_10_15,outstanding
"8,077",8,top_5_10,top_5_10,outstanding
"8,081",2,top_15_20,ordinary,ordinary
"8,116",2,top_15_20,ordinary,ordinary
"8,122",2,top_15_20,ordinary,ordinary
"8,124",28,top_5,top_5,outstanding
"8,129",6,top_5,top_5,outstanding
"8,130",1,top_5_10,top_5_10,outstanding
"8,135",104,top_5,top_5,outstanding
"8,149",1,top_5_10,top_5_10,outstanding
"8,175",1,top_50_100,ordinary,ordinary
"8,183",1,top_50_100,ordinary,ordinary
"8,192",1,top_20_25,ordinary,ordinary
"8,201",1,top_5_10,top_5_10,outstanding
"8,216",4,top_5,top_5,outstanding
"8,223",4,top_50_100,ordinary,ordinary
"8,229",5,top_5_10,top_5_10,outstanding
"8,231",5,top_5,top_5,outstanding
"8,248",1,top_50_100,ordinary,ordinary
"8,258",7,top_30_35,ordinary,ordinary
"8,270",12,top_5,top_5,outstanding
"8,274",1,top_5,top_5,outstanding
"8,275",1,top_5_10,top_5_10,outstanding
"8,282",2,top_15_20,ordinary,ordinary
"8,303",1,top_10_15,top_10_15,outstanding
"8,326",4,top_5,top_5,outstanding
"8,341",1,top_10_15,top_10_15,outstanding
"8,353",2,top_5_10,top_5_10,outstanding
"8,364",2,top_20_25,ordinary,ordinary
"8,368",1,top_50_100,ordinary,ordinary
"8,398",7,top_5,top_5,outstanding
"8,404",1,top_45_50,ordinary,ordinary
"8,408",7,top_5,top_5,outstanding
"8,423",3,top_5,top_5,outstanding
"8,426",3,top_20_25,ordinary,ordinary
"8,437",1,top_10_15,top_10_15,outstanding
"8,444",2,top_50_100,ordinary,ordinary
"8,467",1,top_10_15,top_10_15,outstanding
"8,478",5,top_5,top_5,outstanding
"8,482",1,top_50_100,ordinary,ordinary
"8,504",2,top_35_40,ordinary,ordinary
"8,512",1,top_5,top_5,outstanding
"8,517",4,top_5_10,top_5_10,outstanding
"8,518",3,top_35_40,ordinary,ordinary
"8,519",2,top_50_100,ordinary,ordinary
"8,529",1,top_10_15,top_10_15,outstanding
"8,532",2,top_50_100,ordinary,ordinary
"8,533",7,top_5,top_5,outstanding
"8,550",2,top_50_100,ordinary,ordinary
"8,554",2,top_50_100,ordinary,ordinary
"8,584",4,top_5_10,top_5_10,outstanding
"8,585",4,top_5_10,top_5_10,outstanding
"8,639",1,top_25_30,ordinary,ordinary
"8,682",1,top_15_20,ordinary,ordinary
"8,701",4,top_30_35,ordinary,ordinary
"8,711",2,top_5,top_5,outstanding
"8,712",1,top_5_10,top_5_10,outstanding
"8,719",4,top_25_30,ordinary,ordinary
"8,724",1,top_5_10,top_5_10,outstanding
"8,735",1,top_15_20,ordinary,ordinary
"8,761",1,top_15_20,ordinary,ordinary
"8,774",66,top_5,top_5,outstanding
"8,780",1,top_5_10,top_5_10,outstanding
"8,806",1,top_5,top_5,outstanding
"8,808",3,top_5,top_5,outstanding
"8,817",6,top_50_100,ordinary,ordinary
"8,844",9,top_50_100,ordinary,ordinary
"8,867",2,top_5,top_5,outstanding
"8,876",4,top_50_100,ordinary,ordinary
"8,915",1,top_10_15,top_10_15,outstanding
"8,929",1,top_45_50,ordinary,ordinary
"8,932",2,top_5_10,top_5_10,outstanding
"8,945",7,top_10_15,top_10_15,outstanding
"8,946",17,top_5,top_5,outstanding
"8,961",1,top_50_100,ordinary,ordinary
"8,963",2,top_50_100,ordinary,ordinary
"8,965",1,top_50_100,ordinary,ordinary
"8,971",1,top_5_10,top_5_10,outstanding
"8,977",2,top_15_20,ordinary,ordinary
"8,998",44,top_5,top_5,outstanding
"9,002",1,top_15_20,ordinary,ordinary
"9,006",43,top_5,top_5,outstanding
"9,009",2,top_15_20,ordinary,ordinary
"9,013",3,top_5,top_5,outstanding
"9,014",137,top_5,top_5,outstanding
"9,032",2,top_5,top_5,outstanding
"9,037",4,top_25_30,ordinary,ordinary
"9,065",14,top_5,top_5,outstanding
"9,104",1,top_50_100,ordinary,ordinary
"9,123",5,top_5,top_5,outstanding
"9,124",2,top_30_35,ordinary,ordinary
"9,128",3,top_50_100,ordinary,ordinary
"9,141",4,top_5_10,top_5_10,outstanding
"9,145",5,top_5_10,top_5_10,outstanding
"9,148",2,top_25_30,ordinary,ordinary
"9,159",1,top_5_10,top_5_10,outstanding
"9,162",13,top_5,top_5,outstanding
"9,175",10,top_50_100,ordinary,ordinary
"9,213",1,top_5,top_5,outstanding
"9,239",5,top_5,top_5,outstanding
"9,255",1,top_20_25,ordinary,ordinary
"9,261",18,top_5,top_5,outstanding
"9,273",44,top_5,top_5,outstanding
"9,274",18,top_5,top_5,outstanding
"9,275",4,top_30_35,ordinary,ordinary
"9,283",1,top_50_100,ordinary,ordinary
"9,286",4,top_15_20,ordinary,ordinary
"9,297",2,top_15_20,ordinary,ordinary
"9,309",6,top_15_20,ordinary,ordinary
"9,328",1,top_10_15,top_10_15,outstanding
"9,343",3,top_20_25,ordinary,ordinary
"9,358",1,top_50_100,ordinary,ordinary
"9,367",1,top_15_20,ordinary,ordinary
"9,381",40,top_5,top_5,outstanding
"9,386",196,top_5,top_5,outstanding
"9,387",29,top_5,top_5,outstanding
"9,393",6,top_5_10,top_5_10,outstanding
"9,406",1,top_5_10,top_5_10,outstanding
"9,408",3,top_35_40,ordinary,ordinary
"9,409",7,top_5,top_5,outstanding
"9,412",3,top_5,top_5,outstanding
"9,419",6,top_10_15,top_10_15,outstanding
"9,426",6,top_50_100,ordinary,ordinary
"9,445",4,top_5,top_5,outstanding
"9,453",1,top_10_15,top_10_15,outstanding
"9,454",2,top_15_20,ordinary,ordinary
"9,464",10,top_5,top_5,outstanding
"9,467",1,top_5_10,top_5_10,outstanding
"9,479",1,top_5,top_5,outstanding
"9,496",3,top_5_10,top_5_10,outstanding
"9,504",7,top_5,top_5,outstanding
"9,510",9,top_5_10,top_5_10,outstanding
"9,535",1,top_50_100,ordinary,ordinary
"9,548",1,top_50_100,ordinary,ordinary
"9,562",2,top_50_100,ordinary,ordinary
"9,573",1,top_30_35,ordinary,ordinary
"9,583",1,top_50_100,ordinary,ordinary
"9,594",1,top_25_30,ordinary,ordinary
"9,596",5,top_10_15,top_10_15,outstanding
"9,620",1,top_50_100,ordinary,ordinary
"9,631",6,top_10_15,top_10_15,outstanding
"9,640",7,top_5,top_5,outstanding
"9,651",1,top_15_20,ordinary,ordinary
"9,678",4,top_50_100,ordinary,ordinary
"9,683",3,top_10_15,top_10_15,outstanding
"9,695",2,top_5,top_5,outstanding
"9,701",1,top_15_20,ordinary,ordinary
"9,724",4,top_50_100,ordinary,ordinary
"9,727",4,top_5,top_5,outstanding
"9,752",6,top_5,top_5,outstanding
"9,783",2,top_20_25,ordinary,ordinary
"9,800",3,top_10_15,top_10_15,outstanding
"9,803",1,top_50_100,ordinary,ordinary
"9,809",1,top_50_100,ordinary,ordinary
"9,819",1,top_50_100,ordinary,ordinary
"9,827",7,top_15_20,ordinary,ordinary
"9,830",1,top_35_40,ordinary,ordinary
"9,857",3,top_5,top_5,outstanding
"9,878",60,top_5,top_5,outstanding
"9,881",3,top_25_30,ordinary,ordinary
"9,885",1,top_50_100,ordinary,ordinary
"9,913",1,top_15_20,ordinary,ordinary
"9,930",2,top_10_15,top_10_15,outstanding
"9,932",27,top_5,top_5,outstanding
"9,936",1,top_15_20,ordinary,ordinary
"9,942",9,top_5,top_5,outstanding
"9,949",5,top_5,top_5,outstanding
"9,959",1,top_50_100,ordinary,ordinary
"9,966",1,top_15_20,ordinary,ordinary
"9,970",7,top_50_100,ordinary,ordinary
"9,973",6,top_50_100,ordinary,ordinary
"9,992",11,top_20_25,ordinary,ordinary
"10,022",2,top_10_15,top_10_15,outstanding
"10,026",1,top_45_50,ordinary,ordinary
"10,033",15,top_50_100,ordinary,ordinary
"10,038",1,top_50_100,ordinary,ordinary
"10,040",1,top_5_10,top_5_10,outstanding
"10,055",5,top_20_25,ordinary,ordinary
"10,068",5,top_50_100,ordinary,ordinary
"10,070",8,top_5,top_5,outstanding
"10,072",3,top_5_10,top_5_10,outstanding
"10,073",1,top_5,top_5,outstanding
"10,080",21,top_5,top_5,outstanding
"10,127",1,top_5_10,top_5_10,outstanding
"10,136",2,top_5_10,top_5_10,outstanding
"10,142",1,top_50_100,ordinary,ordinary
"10,156",1,top_50_100,ordinary,ordinary
"10,171",63,top_5,top_5,outstanding
"10,175",23,top_5,top_5,outstanding
"10,176",2,top_50_100,ordinary,ordinary
"10,214",180,top_5,top_5,outstanding
"10,228",2,top_50_100,ordinary,ordinary
"10,247",2,top_50_100,ordinary,ordinary
"10,253",1,top_20_25,ordinary,ordinary
"10,264",2,top_50_100,ordinary,ordinary
"10,273",3,top_25_30,ordinary,ordinary
"10,333",2,top_40_45,ordinary,ordinary
"10,340",1,top_50_100,ordinary,ordinary
"10,353",1,top_5,top_5,outstanding
"10,371",3,top_5,top_5,outstanding
"10,388",3,top_5_10,top_5_10,outstanding
"10,423",9,top_5_10,top_5_10,outstanding
"10,432",1,top_30_35,ordinary,ordinary
"10,434",2,top_5_10,top_5_10,outstanding
"10,455",3,top_50_100,ordinary,ordinary
"10,495",3,top_10_15,top_10_15,outstanding
"10,504",5,top_15_20,ordinary,ordinary
"10,509",1,top_50_100,ordinary,ordinary
"10,517",1,top_50_100,ordinary,ordinary
"10,521",8,top_50_100,ordinary,ordinary
"10,526",1,top_50_100,ordinary,ordinary
"10,543",11,top_10_15,top_10_15,outstanding
"10,564",2,top_10_15,top_10_15,outstanding
"10,565",1,top_10_15,top_10_15,outstanding
"10,599",4,top_15_20,ordinary,ordinary
"10,601",5,top_5_10,top_5_10,outstanding
"10,606",2,top_5,top_5,outstanding
"10,610",5,top_5,top_5,outstanding
"10,611",1,top_5,top_5,outstanding
"10,623",4,top_50_100,ordinary,ordinary
"10,627",10,top_5_10,top_5_10,outstanding
"10,635",6,top_5,top_5,outstanding
"10,640",2,top_30_35,ordinary,ordinary
"10,642",1,top_50_100,ordinary,ordinary
"10,650",1,top_50_100,ordinary,ordinary
"10,659",10,top_5,top_5,outstanding
"10,660",14,top_5,top_5,outstanding
"10,663",49,top_5,top_5,outstanding
"10,680",1,top_5_10,top_5_10,outstanding
"10,701",7,top_50_100,ordinary,ordinary
"10,711",2,top_10_15,top_10_15,outstanding
"10,728",8,top_5_10,top_5_10,outstanding
"10,731",6,top_40_45,ordinary,ordinary
"10,734",2,top_10_15,top_10_15,outstanding
"10,738",1,top_20_25,ordinary,ordinary
"10,749",3,top_30_35,ordinary,ordinary
"10,763",1,top_20_25,ordinary,ordinary
"10,774",2,top_20_25,ordinary,ordinary
"10,780",1,top_45_50,ordinary,ordinary
"10,786",5,top_5,top_5,outstanding
"10,792",3,top_5,top_5,outstanding
"10,801",5,top_5_10,top_5_10,outstanding
"10,853",7,top_5_10,top_5_10,outstanding
"10,857",4,top_5,top_5,outstanding
"10,877",10,top_15_20,ordinary,ordinary
"10,892",2,top_50_100,ordinary,ordinary
"10,900",7,top_50_100,ordinary,ordinary
"10,904",5,top_5,top_5,outstanding
"10,921",1,top_50_100,ordinary,ordinary
"10,957",19,top_5,top_5,outstanding
"10,965",1,top_5,top_5,outstanding
"10,969",2,top_5,top_5,outstanding
"10,972",3,top_5,top_5,outstanding
"10,990",1,top_50_100,ordinary,ordinary
"10,998",2,top_10_15,top_10_15,outstanding
"11,011",4,top_5_10,top_5_10,outstanding
"11,021",4,top_20_25,ordinary,ordinary
"11,025",2,top_5_10,top_5_10,outstanding
"11,026",2,top_5_10,top_5_10,outstanding
"11,030",1,top_5_10,top_5_10,outstanding
"11,038",1,top_10_15,top_10_15,outstanding
"11,040",1,top_50_100,ordinary,ordinary
"11,044",7,top_5,top_5,outstanding
"11,047",3,top_5_10,top_5_10,outstanding
"11,064",1,top_25_30,ordinary,ordinary
"11,076",1,top_35_40,ordinary,ordinary
"11,089",1,top_15_20,ordinary,ordinary
"11,092",12,top_5,top_5,outstanding
"11,103",24,top_5,top_5,outstanding
"11,108",3,top_5,top_5,outstanding
"11,109",2,top_5,top_5,outstanding
"11,111",1,top_15_20,ordinary,ordinary
"11,143",3,top_10_15,top_10_15,outstanding
"11,155",1,top_10_15,top_10_15,outstanding
"11,160",1,top_50_100,ordinary,ordinary
"11,168",1,top_5,top_5,outstanding
"11,170",1,top_50_100,ordinary,ordinary
"11,176",2,top_10_15,top_10_15,outstanding
"11,200",7,top_5,top_5,outstanding
"11,204",2,top_50_100,ordinary,ordinary
"11,209",1,top_10_15,top_10_15,outstanding
"11,216",2,top_5_10,top_5_10,outstanding
"11,234",1,top_50_100,ordinary,ordinary
"11,251",8,top_50_100,ordinary,ordinary
"11,273",6,top_5,top_5,outstanding
"11,292",3,top_5_10,top_5_10,outstanding
"11,298",1,top_5,top_5,outstanding
"11,313",2,top_5,top_5,outstanding
"11,317",3,top_35_40,ordinary,ordinary
"11,328",18,top_5,top_5,outstanding
"11,374",5,top_15_20,ordinary,ordinary
"11,381",8,top_50_100,ordinary,ordinary
"11,386",1,top_50_100,ordinary,ordinary
"11,391",2,top_5_10,top_5_10,outstanding
"11,408",1,top_50_100,ordinary,ordinary
"11,427",1,top_50_100,ordinary,ordinary
"11,429",3,top_5,top_5,outstanding
"11,445",2,top_45_50,ordinary,ordinary
"11,448",3,top_5,top_5,outstanding
"11,460",2,top_35_40,ordinary,ordinary
"11,475",2,top_10_15,top_10_15,outstanding
"11,477",1,top_50_100,ordinary,ordinary
"11,482",2,top_50_100,ordinary,ordinary
"11,496",1,top_5_10,top_5_10,outstanding
"11,518",1,top_5,top_5,outstanding
"11,519",4,top_50_100,ordinary,ordinary
"11,560",1,top_20_25,ordinary,ordinary
"11,581",1,top_5_10,top_5_10,outstanding
"11,608",32,top_5_10,top_5_10,outstanding
"11,610",1,top_30_35,ordinary,ordinary
"11,616",4,top_50_100,ordinary,ordinary
"11,617",9,top_5,top_5,outstanding
"11,622",4,top_50_100,ordinary,ordinary
"11,646",3,top_50_100,ordinary,ordinary
"11,647",1,top_30_35,ordinary,ordinary
"11,651",4,top_5_10,top_5_10,outstanding
"11,692",4,top_5,top_5,outstanding
"11,701",3,top_20_25,ordinary,ordinary
"11,709",1,top_5,top_5,outstanding
"11,724",3,top_50_100,ordinary,ordinary
"11,727",2,top_50_100,ordinary,ordinary
"11,731",5,top_15_20,ordinary,ordinary
"11,732",2,top_5_10,top_5_10,outstanding
"11,763",4,top_20_25,ordinary,ordinary
"11,767",3,top_10_15,top_10_15,outstanding
"11,769",1,top_25_30,ordinary,ordinary
"11,770",14,top_5,top_5,outstanding
"11,776",10,top_10_15,top_10_15,outstanding
"11,780",1,top_15_20,ordinary,ordinary
"11,792",7,top_5_10,top_5_10,outstanding
"11,795",7,top_50_100,ordinary,ordinary
"11,802",1,top_20_25,ordinary,ordinary
"11,835",2,top_5_10,top_5_10,outstanding
"11,838",2,top_50_100,ordinary,ordinary
"11,840",19,top_5,top_5,outstanding
"11,853",7,top_5_10,top_5_10,outstanding
"11,866",3,top_5_10,top_5_10,outstanding
"11,899",1,top_45_50,ordinary,ordinary
"11,903",16,top_50_100,ordinary,ordinary
"11,965",3,top_10_15,top_10_15,outstanding
"11,995",7,top_35_40,ordinary,ordinary
"12,024",4,top_10_15,top_10_15,outstanding
"12,034",1,top_35_40,ordinary,ordinary
"12,046",2,top_5_10,top_5_10,outstanding
"12,092",1,top_50_100,ordinary,ordinary
"12,114",11,top_5_10,top_5_10,outstanding
"12,115",73,top_5,top_5,outstanding
"12,136",5,top_5,top_5,outstanding
"12,141",1,top_25_30,ordinary,ordinary
"12,156",2,top_5_10,top_5_10,outstanding
"12,161",1,top_5,top_5,outstanding
"12,166",3,top_25_30,ordinary,ordinary
"12,167",2,top_50_100,ordinary,ordinary
"12,190",2,top_50_100,ordinary,ordinary
"12,203",1,top_10_15,top_10_15,outstanding
"12,209",1,top_50_100,ordinary,ordinary
"12,229",1,top_5_10,top_5_10,outstanding
"12,248",8,top_30_35,ordinary,ordinary
"12,253",1,top_5_10,top_5_10,outstanding
"12,271",1,top_20_25,ordinary,ordinary
"12,285",2,top_15_20,ordinary,ordinary
"12,286",3,top_50_100,ordinary,ordinary
"12,311",1,top_50_100,ordinary,ordinary
"12,331",1,top_5_10,top_5_10,outstanding
"12,339",1,top_50_100,ordinary,ordinary
"12,352",1,top_5,top_5,outstanding
"12,357",1,top_5,top_5,outstanding
"12,374",4,top_5_10,top_5_10,outstanding
"12,380",1,top_5,top_5,outstanding
"12,392",2,top_5,top_5,outstanding
"12,450",5,top_5_10,top_5_10,outstanding
"12,463",1,top_35_40,ordinary,ordinary
"12,479",34,top_5,top_5,outstanding
"12,502",2,top_10_15,top_10_15,outstanding
"12,521",1,top_50_100,ordinary,ordinary
"12,528",2,top_5,top_5,outstanding
"12,539",5,top_5_10,top_5_10,outstanding
"12,546",1,top_50_100,ordinary,ordinary
"12,553",1,top_35_40,ordinary,ordinary
"12,594",3,top_5,top_5,outstanding
"12,601",4,top_30_35,ordinary,ordinary
"12,605",5,top_5,top_5,outstanding
"12,607",3,top_35_40,ordinary,ordinary
"12,615",3,top_5,top_5,outstanding
"12,621",1,top_15_20,ordinary,ordinary
"12,632",4,top_50_100,ordinary,ordinary
"12,665",1,top_30_35,ordinary,ordinary
"12,687",5,top_5_10,top_5_10,outstanding
"12,723",2,top_10_15,top_10_15,outstanding
"12,728",1,top_20_25,ordinary,ordinary
"12,743",14,top_5,top_5,outstanding
"12,821",1,top_5,top_5,outstanding
"12,841",1,top_40_45,ordinary,ordinary
"12,845",7,top_15_20,ordinary,ordinary
"12,928",4,top_10_15,top_10_15,outstanding
"12,939",2,top_50_100,ordinary,ordinary
"12,943",12,top_50_100,ordinary,ordinary
"12,944",1,top_50_100,ordinary,ordinary
"12,964",4,top_50_100,ordinary,ordinary
"13,010",7,top_15_20,ordinary,ordinary
"13,023",6,top_10_15,top_10_15,outstanding
"13,035",2,top_5_10,top_5_10,outstanding
"13,081",1,top_50_100,ordinary,ordinary
"13,084",3,top_50_100,ordinary,ordinary
"13,091",2,top_20_25,ordinary,ordinary
"13,129",1,top_5,top_5,outstanding
"13,152",1,top_35_40,ordinary,ordinary
"13,163",8,top_5,top_5,outstanding
"13,174",1,top_35_40,ordinary,ordinary
"13,175",5,top_10_15,top_10_15,outstanding
"13,208",9,top_5,top_5,outstanding
"13,220",1,top_15_20,ordinary,ordinary
"13,223",1,top_20_25,ordinary,ordinary
"13,230",1,top_5_10,top_5_10,outstanding
"13,252",1,top_50_100,ordinary,ordinary
"13,270",2,top_5,top_5,outstanding
"13,274",2,top_50_100,ordinary,ordinary
"13,299",109,top_5,top_5,outstanding
"13,308",3,top_15_20,ordinary,ordinary
"13,317",3,top_50_100,ordinary,ordinary
"13,345",1,top_5,top_5,outstanding
"13,352",2,top_5_10,top_5_10,outstanding
"13,359",1,top_10_15,top_10_15,outstanding
"13,379",5,top_5,top_5,outstanding
"13,387",6,top_30_35,ordinary,ordinary
"13,404",5,top_5_10,top_5_10,outstanding
"13,406",2,top_15_20,ordinary,ordinary
"13,424",6,top_5,top_5,outstanding
"13,435",3,top_50_100,ordinary,ordinary
"13,438",6,top_10_15,top_10_15,outstanding
"13,477",1,top_50_100,ordinary,ordinary
"13,497",18,top_5,top_5,outstanding
"13,534",2,top_50_100,ordinary,ordinary
"13,537",2,top_5,top_5,outstanding
"13,558",1,top_30_35,ordinary,ordinary
"13,575",23,top_5,top_5,outstanding
"13,634",8,top_30_35,ordinary,ordinary
"13,635",1,top_50_100,ordinary,ordinary
"13,648",1,top_15_20,ordinary,ordinary
"13,654",8,top_5,top_5,outstanding
"13,675",1,top_5_10,top_5_10,outstanding
"13,688",1,top_50_100,ordinary,ordinary
"13,693",18,top_5,top_5,outstanding
"13,695",1,top_50_100,ordinary,ordinary
"13,721",3,top_5_10,top_5_10,outstanding
"13,730",1,top_40_45,ordinary,ordinary
"13,760",1,top_50_100,ordinary,ordinary
"13,767",3,top_50_100,ordinary,ordinary
"13,795",2,top_25_30,ordinary,ordinary
"13,813",3,top_5_10,top_5_10,outstanding
"13,815",1,top_5_10,top_5_10,outstanding
"13,835",5,top_5,top_5,outstanding
"13,851",19,top_5,top_5,outstanding
"13,852",1,top_50_100,ordinary,ordinary
"13,855",2,top_5,top_5,outstanding
"13,857",4,top_50_100,ordinary,ordinary
"13,868",4,top_5_10,top_5_10,outstanding
"13,889",3,top_35_40,ordinary,ordinary
"13,904",1,top_20_25,ordinary,ordinary
"13,910",2,top_20_25,ordinary,ordinary
"13,922",10,top_5,top_5,outstanding
"13,926",2,top_35_40,ordinary,ordinary
"13,963",31,top_15_20,ordinary,ordinary
"13,974",2,top_50_100,ordinary,ordinary
"13,991",17,top_5,top_5,outstanding
"14,001",4,top_5,top_5,outstanding
"14,022",8,top_20_25,ordinary,ordinary
"14,034",14,top_5,top_5,outstanding
"14,045",1,top_25_30,ordinary,ordinary
"14,051",1,top_50_100,ordinary,ordinary
"14,057",7,top_5,top_5,outstanding
"14,062",3,top_40_45,ordinary,ordinary
"14,066",1,top_15_20,ordinary,ordinary
"14,070",5,top_5,top_5,outstanding
"14,071",3,top_30_35,ordinary,ordinary
"14,083",11,top_5,top_5,outstanding
"14,086",1,top_45_50,ordinary,ordinary
"14,098",3,top_20_25,ordinary,ordinary
"14,153",1,top_50_100,ordinary,ordinary
"14,163",1,top_50_100,ordinary,ordinary
"14,172",10,top_10_15,top_10_15,outstanding
"14,193",4,top_10_15,top_10_15,outstanding
"14,197",4,top_5,top_5,outstanding
"14,214",1,top_5_10,top_5_10,outstanding
"14,220",1,top_5_10,top_5_10,outstanding
"14,238",3,top_10_15,top_10_15,outstanding
"14,239",1,top_35_40,ordinary,ordinary
"14,244",1,top_10_15,top_10_15,outstanding
"14,254",17,top_5_10,top_5_10,outstanding
"14,268",1,top_5_10,top_5_10,outstanding
"14,271",3,top_30_35,ordinary,ordinary
"14,274",1,top_45_50,ordinary,ordinary
"14,278",1,top_50_100,ordinary,ordinary
"14,292",1,top_50_100,ordinary,ordinary
"14,293",1,top_30_35,ordinary,ordinary
"14,310",5,top_10_15,top_10_15,outstanding
"14,314",2,top_15_20,ordinary,ordinary
"14,328",1,top_5_10,top_5_10,outstanding
"14,374",3,top_5_10,top_5_10,outstanding
"14,376",1,top_35_40,ordinary,ordinary
"14,403",1,top_5_10,top_5_10,outstanding
"14,405",1,top_5,top_5,outstanding
"14,416",2,top_50_100,ordinary,ordinary
"14,448",3,top_5,top_5,outstanding
"14,453",2,top_20_25,ordinary,ordinary
"14,459",2,top_50_100,ordinary,ordinary
"14,472",7,top_10_15,top_10_15,outstanding
"14,473",1,top_50_100,ordinary,ordinary
"14,515",1,top_50_100,ordinary,ordinary
"14,529",13,top_5,top_5,outstanding
"14,530",1,top_5_10,top_5_10,outstanding
"14,538",6,top_50_100,ordinary,ordinary
"14,539",29,top_45_50,ordinary,ordinary
"14,545",5,top_50_100,ordinary,ordinary
"14,565",2,top_40_45,ordinary,ordinary
"14,604",2,top_5,top_5,outstanding
"14,627",1,top_50_100,ordinary,ordinary
"14,628",1,top_10_15,top_10_15,outstanding
"14,640",4,top_5,top_5,outstanding
"14,641",1,top_5,top_5,outstanding
"14,646",5,top_5,top_5,outstanding
"14,658",4,top_50_100,ordinary,ordinary
"14,668",4,top_5_10,top_5_10,outstanding
"14,690",3,top_50_100,ordinary,ordinary
"14,730",2,top_5_10,top_5_10,outstanding
"14,736",1,top_50_100,ordinary,ordinary
"14,777",12,top_5,top_5,outstanding
"14,779",2,top_30_35,ordinary,ordinary
"14,785",8,top_5,top_5,outstanding
"14,805",2,top_5,top_5,outstanding
"14,807",10,top_5,top_5,outstanding
"14,827",2,top_35_40,ordinary,ordinary
"14,841",2,top_20_25,ordinary,ordinary
"14,852",2,top_5,top_5,outstanding
"14,855",1,top_50_100,ordinary,ordinary
"14,860",1,top_5,top_5,outstanding
"14,879",29,top_5,top_5,outstanding
"14,881",2,top_50_100,ordinary,ordinary
"14,893",4,top_50_100,ordinary,ordinary
"14,901",2,top_50_100,ordinary,ordinary
"14,904",2,top_50_100,ordinary,ordinary
"14,920",1,top_50_100,ordinary,ordinary
"14,971",3,top_10_15,top_10_15,outstanding
"14,986",3,top_5_10,top_5_10,outstanding
"14,995",3,top_5_10,top_5_10,outstanding
"14,998",7,top_15_20,ordinary,ordinary
"15,016",15,top_10_15,top_10_15,outstanding
"15,022",1,top_50_100,ordinary,ordinary
"15,028",2,top_5,top_5,outstanding
"15,072",1,top_50_100,ordinary,ordinary
"15,076",2,top_50_100,ordinary,ordinary
"15,082",3,top_25_30,ordinary,ordinary
"15,088",1,top_50_100,ordinary,ordinary
"15,119",1,top_50_100,ordinary,ordinary
"15,195",1,top_50_100,ordinary,ordinary
"15,201",3,top_5_10,top_5_10,outstanding
"15,203",1,top_20_25,ordinary,ordinary
"15,232",2,top_20_25,ordinary,ordinary
"15,244",1,top_5,top_5,outstanding
"15,256",1,top_50_100,ordinary,ordinary
"15,267",4,top_5_10,top_5_10,outstanding
"15,290",2,top_5_10,top_5_10,outstanding
"15,319",21,top_5_10,top_5_10,outstanding
"15,339",1,top_50_100,ordinary,ordinary
"15,354",1,top_50_100,ordinary,ordinary
"15,408",33,top_5,top_5,outstanding
"15,412",4,top_10_15,top_10_15,outstanding
"15,428",2,top_40_45,ordinary,ordinary
"15,449",4,top_5,top_5,outstanding
"15,539",5,top_50_100,ordinary,ordinary
"15,540",16,top_5,top_5,outstanding
"15,627",2,top_10_15,top_10_15,outstanding
"15,631",2,top_45_50,ordinary,ordinary
"15,639",1,top_50_100,ordinary,ordinary
"15,640",3,top_50_100,ordinary,ordinary
"15,646",6,top_5_10,top_5_10,outstanding
"15,668",1,top_35_40,ordinary,ordinary
"15,679",6,top_50_100,ordinary,ordinary
"15,729",1,top_40_45,ordinary,ordinary
"15,731",21,top_5,top_5,outstanding
"15,774",4,top_40_45,ordinary,ordinary
"15,789",5,top_50_100,ordinary,ordinary
"15,801",14,top_5_10,top_5_10,outstanding
"15,815",1,top_40_45,ordinary,ordinary
"15,822",9,top_5,top_5,outstanding
"15,826",3,top_50_100,ordinary,ordinary
"15,854",1,top_20_25,ordinary,ordinary
"15,877",2,top_25_30,ordinary,ordinary
"15,908",4,top_10_15,top_10_15,outstanding
"15,929",2,top_50_100,ordinary,ordinary
"15,935",6,top_5,top_5,outstanding
"15,940",10,top_5,top_5,outstanding
"15,995",2,top_15_20,ordinary,ordinary
"16,018",1,top_50_100,ordinary,ordinary
"16,031",1,top_10_15,top_10_15,outstanding
"16,032",1,top_50_100,ordinary,ordinary
"16,049",2,top_5,top_5,outstanding
"16,076",17,top_5,top_5,outstanding
"16,109",1,top_50_100,ordinary,ordinary
"16,139",4,top_5_10,top_5_10,outstanding
"16,227",86,top_5,top_5,outstanding
"16,242",6,top_5,top_5,outstanding
"16,280",6,top_30_35,ordinary,ordinary
"16,331",4,top_50_100,ordinary,ordinary
"16,336",3,top_5_10,top_5_10,outstanding
"16,378",9,top_25_30,ordinary,ordinary
"16,391",1,top_50_100,ordinary,ordinary
"16,394",20,top_5,top_5,outstanding
"16,397",2,top_40_45,ordinary,ordinary
"16,408",1,top_5_10,top_5_10,outstanding
"16,422",4,top_5_10,top_5_10,outstanding
"16,455",2,top_50_100,ordinary,ordinary
"16,467",1,top_45_50,ordinary,ordinary
"16,485",1,top_15_20,ordinary,ordinary
"16,491",8,top_50_100,ordinary,ordinary
"16,492",4,top_5_10,top_5_10,outstanding
"16,503",2,top_10_15,top_10_15,outstanding
"16,510",1,top_10_15,top_10_15,outstanding
"16,536",5,top_5_10,top_5_10,outstanding
"16,547",2,top_30_35,ordinary,ordinary
"16,582",11,top_25_30,ordinary,ordinary
"16,612",3,top_40_45,ordinary,ordinary
"16,683",2,top_5_10,top_5_10,outstanding
"16,736",1,top_50_100,ordinary,ordinary
"16,762",1,top_45_50,ordinary,ordinary
"16,783",1,top_5_10,top_5_10,outstanding
"16,799",2,top_50_100,ordinary,ordinary
"16,812",1,top_50_100,ordinary,ordinary
"16,864",1,top_50_100,ordinary,ordinary
"16,865",2,top_45_50,ordinary,ordinary
"16,866",1,top_5_10,top_5_10,outstanding
"16,902",3,top_50_100,ordinary,ordinary
"16,904",1,top_10_15,top_10_15,outstanding
"16,939",4,top_50_100,ordinary,ordinary
"16,953",1,top_25_30,ordinary,ordinary
"16,957",8,top_50_100,ordinary,ordinary
"16,977",1,top_20_25,ordinary,ordinary
"16,990",2,top_20_25,ordinary,ordinary
"16,999",1,top_25_30,ordinary,ordinary
"17,114",1,top_35_40,ordinary,ordinary
"17,137",1,top_5_10,top_5_10,outstanding
"17,154",11,top_5,top_5,outstanding
"17,170",3,top_50_100,ordinary,ordinary
"17,188",14,top_5_10,top_5_10,outstanding
"17,194",6,top_5_10,top_5_10,outstanding
"17,230",5,top_5_10,top_5_10,outstanding
"17,257",1,top_50_100,ordinary,ordinary
"17,266",1,top_50_100,ordinary,ordinary
"17,292",4,top_50_100,ordinary,ordinary
"17,296",1,top_25_30,ordinary,ordinary
"17,303",1,top_50_100,ordinary,ordinary
"17,320",2,top_5,top_5,outstanding
"17,333",2,top_50_100,ordinary,ordinary
"17,339",24,top_5,top_5,outstanding
"17,349",1,top_45_50,ordinary,ordinary
"17,379",3,top_50_100,ordinary,ordinary
"17,385",1,top_5_10,top_5_10,outstanding
"17,440",4,top_50_100,ordinary,ordinary
"17,453",12,top_50_100,ordinary,ordinary
"17,463",1,top_20_25,ordinary,ordinary
"17,472",21,top_5,top_5,outstanding
"17,478",2,top_35_40,ordinary,ordinary
"17,493",1,top_5_10,top_5_10,outstanding
"17,496",3,top_15_20,ordinary,ordinary
"17,522",1,top_50_100,ordinary,ordinary
"17,558",2,top_35_40,ordinary,ordinary
"17,560",1,top_50_100,ordinary,ordinary
"17,586",1,top_50_100,ordinary,ordinary
"17,588",1,top_45_50,ordinary,ordinary
"17,590",12,top_5,top_5,outstanding
"17,597",1,top_50_100,ordinary,ordinary
"17,620",8,top_5,top_5,outstanding
"17,640",8,top_5,top_5,outstanding
"17,652",4,top_5,top_5,outstanding
"17,664",1,top_5,top_5,outstanding
"17,671",7,top_45_50,ordinary,ordinary
"17,748",1,top_20_25,ordinary,ordinary
"17,758",16,top_5,top_5,outstanding
"17,760",1,top_30_35,ordinary,ordinary
"17,762",2,top_15_20,ordinary,ordinary
"17,766",8,top_20_25,ordinary,ordinary
"17,779",3,top_5_10,top_5_10,outstanding
"17,785",1,top_50_100,ordinary,ordinary
"17,787",2,top_5_10,top_5_10,outstanding
"17,831",4,top_15_20,ordinary,ordinary
"17,836",1,top_50_100,ordinary,ordinary
"17,863",1,top_15_20,ordinary,ordinary
"17,881",1,top_25_30,ordinary,ordinary
"17,883",1,top_50_100,ordinary,ordinary
"17,922",1,top_15_20,ordinary,ordinary
"17,927",4,top_10_15,top_10_15,outstanding
"17,929",1,top_50_100,ordinary,ordinary
"17,932",4,top_5_10,top_5_10,outstanding
"17,951",2,top_5_10,top_5_10,outstanding
"17,966",1,top_20_25,ordinary,ordinary
"17,967",1,top_30_35,ordinary,ordinary
"17,973",1,top_45_50,ordinary,ordinary
"18,005",1,top_5_10,top_5_10,outstanding
"18,008",1,top_5,top_5,outstanding
"18,027",2,top_40_45,ordinary,ordinary
"18,086",2,top_15_20,ordinary,ordinary
"18,106",1,top_50_100,ordinary,ordinary
"18,109",1,top_5_10,top_5_10,outstanding
"18,179",2,top_25_30,ordinary,ordinary
"18,194",3,top_30_35,ordinary,ordinary
"18,203",1,top_10_15,top_10_15,outstanding
"18,206",2,top_50_100,ordinary,ordinary
"18,209",3,top_50_100,ordinary,ordinary
"18,336",12,top_5,top_5,outstanding
"18,359",1,top_30_35,ordinary,ordinary
"18,360",3,top_50_100,ordinary,ordinary
"18,369",4,top_20_25,ordinary,ordinary
"18,374",1,top_5,top_5,outstanding
"18,386",3,top_15_20,ordinary,ordinary
"18,410",1,top_25_30,ordinary,ordinary
"18,422",6,top_5,top_5,outstanding
"18,450",2,top_20_25,ordinary,ordinary
"18,451",4,top_10_15,top_10_15,outstanding
"18,484",6,top_50_100,ordinary,ordinary
"18,492",1,top_10_15,top_10_15,outstanding
"18,494",1,top_50_100,ordinary,ordinary
"18,503",1,top_50_100,ordinary,ordinary
"18,541",2,top_15_20,ordinary,ordinary
"18,560",3,top_10_15,top_10_15,outstanding
"18,566",10,top_5,top_5,outstanding
"18,589",2,top_45_50,ordinary,ordinary
"18,597",1,top_30_35,ordinary,ordinary
"18,664",2,top_20_25,ordinary,ordinary
"18,666",5,top_50_100,ordinary,ordinary
"18,676",2,top_20_25,ordinary,ordinary
"18,714",1,top_25_30,ordinary,ordinary
"18,718",2,top_50_100,ordinary,ordinary
"18,745",1,top_50_100,ordinary,ordinary
"18,842",1,top_25_30,ordinary,ordinary
"18,844",1,top_50_100,ordinary,ordinary
"18,845",1,top_25_30,ordinary,ordinary
"18,871",5,top_5,top_5,outstanding
"18,879",2,top_20_25,ordinary,ordinary
"18,888",3,top_50_100,ordinary,ordinary
"18,898",2,top_5,top_5,outstanding
"18,979",1,top_10_15,top_10_15,outstanding
"19,059",1,top_50_100,ordinary,ordinary
"19,078",1,top_20_25,ordinary,ordinary
"19,090",1,top_45_50,ordinary,ordinary
"19,097",1,top_45_50,ordinary,ordinary
"19,138",2,top_35_40,ordinary,ordinary
"19,158",10,top_5,top_5,outstanding
"19,196",2,top_5_10,top_5_10,outstanding
"19,224",4,top_25_30,ordinary,ordinary
"19,230",4,top_50_100,ordinary,ordinary
"19,283",2,top_50_100,ordinary,ordinary
"19,292",2,top_25_30,ordinary,ordinary
"19,317",2,top_5,top_5,outstanding
"19,326",2,top_15_20,ordinary,ordinary
"19,345",1,top_50_100,ordinary,ordinary
"19,349",1,top_5_10,top_5_10,outstanding
"19,360",3,top_5_10,top_5_10,outstanding
"19,484",5,top_5,top_5,outstanding
"19,500",135,top_5,top_5,outstanding
"19,521",1,top_50_100,ordinary,ordinary
"19,559",1,top_10_15,top_10_15,outstanding
"19,591",2,top_15_20,ordinary,ordinary
"19,595",2,top_50_100,ordinary,ordinary
"19,613",1,top_25_30,ordinary,ordinary
"19,711",2,top_30_35,ordinary,ordinary
"19,731",5,top_5,top_5,outstanding
"19,754",2,top_5,top_5,outstanding
"19,773",1,top_5,top_5,outstanding
"19,839",1,top_45_50,ordinary,ordinary
"19,859",3,top_50_100,ordinary,ordinary
"19,865",1,top_20_25,ordinary,ordinary
"19,871",1,top_35_40,ordinary,ordinary
"19,894",1,top_5_10,top_5_10,outstanding
"19,912",19,top_5,top_5,outstanding
"19,913",12,top_20_25,ordinary,ordinary
"19,916",3,top_50_100,ordinary,ordinary
"19,938",2,top_50_100,ordinary,ordinary
"19,940",1,top_35_40,ordinary,ordinary
"19,961",3,top_50_100,ordinary,ordinary
"19,990",1,top_20_25,ordinary,ordinary
"19,997",5,top_50_100,ordinary,ordinary
"20,042",1,top_10_15,top_10_15,outstanding
"20,058",1,top_50_100,ordinary,ordinary
"20,074",2,top_5,top_5,outstanding
"20,081",5,top_5,top_5,outstanding
"20,088",1,top_5,top_5,outstanding
"20,136",43,top_5,top_5,outstanding
"20,139",1,top_50_100,ordinary,ordinary
"20,140",1,top_5_10,top_5_10,outstanding
"20,152",3,top_50_100,ordinary,ordinary
"20,203",1,top_50_100,ordinary,ordinary
"20,228",2,top_50_100,ordinary,ordinary
"20,237",2,top_10_15,top_10_15,outstanding
"20,284",2,top_5,top_5,outstanding
"20,357",4,top_35_40,ordinary,ordinary
"20,382",3,top_50_100,ordinary,ordinary
"20,409",2,top_50_100,ordinary,ordinary
"20,445",1,top_40_45,ordinary,ordinary
"20,463",1,top_30_35,ordinary,ordinary
"20,488",1,top_40_45,ordinary,ordinary
"20,587",8,top_5,top_5,outstanding
"20,592",1,top_15_20,ordinary,ordinary
"20,602",2,top_45_50,ordinary,ordinary
"20,615",1,top_10_15,top_10_15,outstanding
"20,625",6,top_50_100,ordinary,ordinary
"20,626",1,top_45_50,ordinary,ordinary
"20,639",2,top_50_100,ordinary,ordinary
"20,677",1,top_10_15,top_10_15,outstanding
"20,770",2,top_50_100,ordinary,ordinary
"20,822",3,top_40_45,ordinary,ordinary
"20,834",2,top_50_100,ordinary,ordinary
"20,871",1,top_50_100,ordinary,ordinary
"20,883",2,top_5_10,top_5_10,outstanding
"20,966",1,top_50_100,ordinary,ordinary
"21,000",1,top_50_100,ordinary,ordinary
"21,009",10,top_50_100,ordinary,ordinary
"21,020",1,top_20_25,ordinary,ordinary
"21,028",3,top_50_100,ordinary,ordinary
"21,043",1,top_50_100,ordinary,ordinary
"21,049",4,top_5_10,top_5_10,outstanding
"21,073",27,top_5,top_5,outstanding
"21,090",5,top_20_25,ordinary,ordinary
"21,155",7,top_25_30,ordinary,ordinary
"21,195",2,top_50_100,ordinary,ordinary
"21,260",1,top_50_100,ordinary,ordinary
"21,284",1,top_25_30,ordinary,ordinary
"21,318",2,top_5_10,top_5_10,outstanding
"21,365",1,top_30_35,ordinary,ordinary
"21,439",3,top_35_40,ordinary,ordinary
"21,474",2,top_10_15,top_10_15,outstanding
"21,524",1,top_5,top_5,outstanding
"21,529",1,top_50_100,ordinary,ordinary
"21,577",1,top_50_100,ordinary,ordinary
"21,592",1,top_5,top_5,outstanding
"21,602",1,top_50_100,ordinary,ordinary
"21,612",2,top_5,top_5,outstanding
"21,626",1,top_5,top_5,outstanding
"21,681",1,top_35_40,ordinary,ordinary
"21,692",5,top_5_10,top_5_10,outstanding
"21,704",2,top_5,top_5,outstanding
"21,706",7,top_50_100,ordinary,ordinary
"21,729",1,top_50_100,ordinary,ordinary
"21,732",3,top_50_100,ordinary,ordinary
"21,749",3,top_50_100,ordinary,ordinary
"21,751",6,top_50_100,ordinary,ordinary
"21,785",3,top_10_15,top_10_15,outstanding
"21,793",1,top_50_100,ordinary,ordinary
"21,794",7,top_50_100,ordinary,ordinary
"21,799",2,top_10_15,top_10_15,outstanding
"21,849",1,top_35_40,ordinary,ordinary
"21,850",3,top_50_100,ordinary,ordinary
"21,907",1,top_50_100,ordinary,ordinary
"21,977",5,top_50_100,ordinary,ordinary
"21,991",2,top_50_100,ordinary,ordinary
"22,023",10,top_5,top_5,outstanding
"22,060",1,top_30_35,ordinary,ordinary
"22,084",5,top_5_10,top_5_10,outstanding
"22,146",1,top_50_100,ordinary,ordinary
"22,150",3,top_15_20,ordinary,ordinary
"22,207",2,top_5_10,top_5_10,outstanding
"22,229",2,top_5_10,top_5_10,outstanding
"22,278",4,top_5_10,top_5_10,outstanding
"22,306",5,top_50_100,ordinary,ordinary
"22,318",1,top_50_100,ordinary,ordinary
"22,323",5,top_50_100,ordinary,ordinary
"22,381",1,top_40_45,ordinary,ordinary
"22,395",1,top_40_45,ordinary,ordinary
"22,396",1,top_40_45,ordinary,ordinary
"22,417",1,top_50_100,ordinary,ordinary
"22,482",6,top_25_30,ordinary,ordinary
"22,489",2,top_50_100,ordinary,ordinary
"22,490",1,top_35_40,ordinary,ordinary
"22,520",1,top_20_25,ordinary,ordinary
"22,528",1,top_15_20,ordinary,ordinary
"22,531",2,top_50_100,ordinary,ordinary
"22,640",1,top_50_100,ordinary,ordinary
"22,685",4,top_10_15,top_10_15,outstanding
"22,695",18,top_35_40,ordinary,ordinary
"22,701",3,top_5,top_5,outstanding
"22,731",6,top_5,top_5,outstanding
"22,761",12,top_5_10,top_5_10,outstanding
"22,799",1,top_50_100,ordinary,ordinary
"22,802",6,top_50_100,ordinary,ordinary
"22,835",2,top_50_100,ordinary,ordinary
"22,864",10,top_50_100,ordinary,ordinary
"22,869",2,top_35_40,ordinary,ordinary
"22,902",1,top_5_10,top_5_10,outstanding
"22,929",1,top_5,top_5,outstanding
"22,938",2,top_20_25,ordinary,ordinary
"22,941",1,top_45_50,ordinary,ordinary
"22,986",1,top_50_100,ordinary,ordinary
"23,023",3,top_5,top_5,outstanding
"23,041",6,top_50_100,ordinary,ordinary
"23,047",1,top_30_35,ordinary,ordinary
"23,059",1,top_50_100,ordinary,ordinary
"23,082",3,top_5_10,top_5_10,outstanding
"23,106",42,top_5,top_5,outstanding
"23,116",3,top_50_100,ordinary,ordinary
"23,129",2,top_30_35,ordinary,ordinary
"23,174",5,top_50_100,ordinary,ordinary
"23,214",1,top_30_35,ordinary,ordinary
"23,241",1,top_5_10,top_5_10,outstanding
"23,320",3,top_50_100,ordinary,ordinary
"23,344",4,top_5_10,top_5_10,outstanding
"23,550",1,top_25_30,ordinary,ordinary
"23,563",1,top_50_100,ordinary,ordinary
"23,592",4,top_50_100,ordinary,ordinary
"23,650",1,top_5_10,top_5_10,outstanding
"23,667",9,top_5,top_5,outstanding
"23,711",6,top_5_10,top_5_10,outstanding
"23,713",1,top_5,top_5,outstanding
"23,759",3,top_50_100,ordinary,ordinary
"23,775",1,top_5,top_5,outstanding
"23,816",1,top_50_100,ordinary,ordinary
"23,837",10,top_50_100,ordinary,ordinary
"23,877",7,top_5,top_5,outstanding
"23,921",1,top_30_35,ordinary,ordinary
"24,017",1,top_50_100,ordinary,ordinary
"24,020",7,top_25_30,ordinary,ordinary
"24,172",3,top_5,top_5,outstanding
"24,225",1,top_10_15,top_10_15,outstanding
"24,317",1,top_25_30,ordinary,ordinary
"24,407",3,top_5_10,top_5_10,outstanding
"24,579",2,top_5,top_5,outstanding
"24,610",13,top_5,top_5,outstanding
"24,623",2,top_50_100,ordinary,ordinary
"24,647",2,top_20_25,ordinary,ordinary
"24,662",1,top_50_100,ordinary,ordinary
"24,728",4,top_25_30,ordinary,ordinary
"24,746",2,top_50_100,ordinary,ordinary
"24,831",1,top_35_40,ordinary,ordinary
"24,837",4,top_35_40,ordinary,ordinary
"24,899",3,top_35_40,ordinary,ordinary
"24,908",2,top_10_15,top_10_15,outstanding
"24,918",2,top_50_100,ordinary,ordinary
"24,988",3,top_50_100,ordinary,ordinary
"25,009",1,top_50_100,ordinary,ordinary
"25,034",1,top_50_100,ordinary,ordinary
"25,065",3,top_5,top_5,outstanding
"25,088",5,top_50_100,ordinary,ordinary
"25,163",1,top_20_25,ordinary,ordinary
"25,168",4,top_50_100,ordinary,ordinary
"25,219",1,top_50_100,ordinary,ordinary
"25,226",2,top_50_100,ordinary,ordinary
"25,263",1,top_50_100,ordinary,ordinary
"25,269",1,top_50_100,ordinary,ordinary
"25,395",1,top_50_100,ordinary,ordinary
"25,444",1,top_5,top_5,outstanding
"25,446",1,top_50_100,ordinary,ordinary
"25,517",7,top_5,top_5,outstanding
"25,528",1,top_35_40,ordinary,ordinary
"25,620",2,top_50_100,ordinary,ordinary
"25,661",3,top_50_100,ordinary,ordinary
"25,673",1,top_20_25,ordinary,ordinary
"25,705",1,top_50_100,ordinary,ordinary
"25,774",6,top_5,top_5,outstanding
"25,804",4,top_40_45,ordinary,ordinary
"25,907",5,top_50_100,ordinary,ordinary
"25,916",2,top_50_100,ordinary,ordinary
"25,969",6,top_5_10,top_5_10,outstanding
"26,047",1,top_50_100,ordinary,ordinary
"26,092",2,top_50_100,ordinary,ordinary
"26,122",7,top_10_15,top_10_15,outstanding
"26,145",3,top_30_35,ordinary,ordinary
"26,149",6,top_5,top_5,outstanding
"26,150",2,top_35_40,ordinary,ordinary
"26,162",2,top_5,top_5,outstanding
"26,185",3,top_5,top_5,outstanding
"26,195",1,top_10_15,top_10_15,outstanding
"26,281",1,top_50_100,ordinary,ordinary
"26,292",2,top_50_100,ordinary,ordinary
"26,401",1,top_20_25,ordinary,ordinary
"26,429",1,top_50_100,ordinary,ordinary
"26,470",1,top_5_10,top_5_10,outstanding
"26,501",3,top_15_20,ordinary,ordinary
"26,588",5,top_50_100,ordinary,ordinary
"26,604",2,top_5_10,top_5_10,outstanding
"26,664",24,top_50_100,ordinary,ordinary
"26,692",1,top_50_100,ordinary,ordinary
"26,721",3,top_50_100,ordinary,ordinary
"26,731",12,top_50_100,ordinary,ordinary
"26,771",1,top_20_25,ordinary,ordinary
"26,944",5,top_10_15,top_10_15,outstanding
"26,953",2,top_5,top_5,outstanding
"26,996",2,top_30_35,ordinary,ordinary
"27,091",2,top_50_100,ordinary,ordinary
"27,183",1,top_50_100,ordinary,ordinary
"27,316",5,top_50_100,ordinary,ordinary
"27,339",1,top_50_100,ordinary,ordinary
"27,350",3,top_50_100,ordinary,ordinary
"27,385",2,top_50_100,ordinary,ordinary
"27,469",7,top_25_30,ordinary,ordinary
"27,504",2,top_50_100,ordinary,ordinary
"27,519",3,top_5_10,top_5_10,outstanding
"27,546",1,top_50_100,ordinary,ordinary
"27,547",4,top_50_100,ordinary,ordinary
"27,595",1,top_50_100,ordinary,ordinary
"27,597",5,top_50_100,ordinary,ordinary
"27,607",1,top_30_35,ordinary,ordinary
"27,673",1,top_50_100,ordinary,ordinary
"27,702",1,top_35_40,ordinary,ordinary
"27,721",28,top_50_100,ordinary,ordinary
"27,779",1,top_20_25,ordinary,ordinary
"27,794",6,top_50_100,ordinary,ordinary
"27,834",1,top_50_100,ordinary,ordinary
"27,871",1,top_50_100,ordinary,ordinary
"27,964",3,top_35_40,ordinary,ordinary
"28,101",1,top_50_100,ordinary,ordinary
"28,120",1,top_50_100,ordinary,ordinary
"28,129",1,top_50_100,ordinary,ordinary
"28,134",5,top_5,top_5,outstanding
"28,168",1,top_50_100,ordinary,ordinary
"28,214",1,top_35_40,ordinary,ordinary
"28,250",1,top_50_100,ordinary,ordinary
"28,416",1,top_50_100,ordinary,ordinary
"28,448",2,top_50_100,ordinary,ordinary
"28,516",1,top_50_100,ordinary,ordinary
"28,633",1,top_50_100,ordinary,ordinary
"28,725",3,top_50_100,ordinary,ordinary
"28,728",14,top_50_100,ordinary,ordinary
"28,772",2,top_50_100,ordinary,ordinary
"28,788",1,top_50_100,ordinary,ordinary
