"id_user_source","reciprocity_count","class","class2"
"6,704","1,690",top_5,outstanding
"6,707",262,top_5,outstanding
"6,710",558,top_5,outstanding
"6,714",67,top_10_15,outstanding
"6,715",47,top_5_10,outstanding
"6,721",66,top_5,outstanding
"6,722",201,top_5,outstanding
"6,723",67,top_5_10,outstanding
"6,725","2,059",top_5,outstanding
"6,731",134,top_5,outstanding
"6,734",132,top_5_10,outstanding
"6,735",66,top_5_10,outstanding
"6,739",67,top_5,outstanding
"6,740","1,454",top_5,outstanding
"6,741",201,top_5_10,outstanding
"6,742",61,top_5,outstanding
"6,743",57,top_10_15,outstanding
"6,745",393,top_5,outstanding
"6,746",175,top_10_15,outstanding
"6,747",198,top_5,outstanding
"6,753",995,top_5,outstanding
"6,755",133,top_5,outstanding
"6,762",840,top_5,outstanding
"6,763",350,top_5,outstanding
"6,764",503,top_5,outstanding
"6,765","2,673",top_5,outstanding
"6,768",580,top_5,outstanding
"6,769",61,top_10_15,outstanding
"6,774",134,top_5,outstanding
"6,776","1,577",top_5,outstanding
"6,777",65,top_5_10,outstanding
"6,779",197,top_5,outstanding
"6,781","2,181",top_5,outstanding
"6,782",159,top_5,outstanding
"6,786",67,ordinary,ordinary
"6,787",64,top_5_10,outstanding
"6,790",109,ordinary,ordinary
"6,791",261,top_5,outstanding
"6,794",63,top_5,outstanding
"6,798",195,top_5,outstanding
"6,802","2,514",top_5,outstanding
"6,805","1,068",top_5,outstanding
"6,808","2,522",top_5,outstanding
"6,810",59,top_5_10,outstanding
"6,813",67,top_10_15,outstanding
"6,819",66,top_5_10,outstanding
"6,821",67,ordinary,ordinary
"6,822",555,top_5,outstanding
"6,825",67,top_5_10,outstanding
"6,829",477,top_5,outstanding
"6,830",51,top_5,outstanding
"6,838",506,top_5,outstanding
"6,840",81,top_5_10,outstanding
"6,841",67,top_5,outstanding
"6,844",109,top_5,outstanding
"6,846",186,top_5,outstanding
"6,850",311,top_5,outstanding
"6,852",33,top_10_15,outstanding
"6,858",990,top_5,outstanding
"6,864",294,top_5,outstanding
"6,865",57,top_5_10,outstanding
"6,869",777,top_5,outstanding
"6,872",82,top_10_15,outstanding
"6,876",490,top_5,outstanding
"6,877",268,top_5,outstanding
"6,879",29,ordinary,ordinary
"6,883",389,top_5,outstanding
"6,885",67,ordinary,ordinary
"6,891",2,ordinary,ordinary
"6,892",410,top_5,outstanding
"6,893",525,top_5,outstanding
"6,894",66,top_5,outstanding
"6,896",104,top_10_15,outstanding
"6,906",331,top_5,outstanding
"6,909",60,top_5,outstanding
"6,910",245,top_5,outstanding
"6,911",153,top_5_10,outstanding
"6,912",67,top_5_10,outstanding
"6,913",261,top_5,outstanding
"6,917",63,ordinary,ordinary
"6,918",756,top_5,outstanding
"6,920",48,ordinary,ordinary
"6,925",743,top_5,outstanding
"6,926",449,top_5,outstanding
"6,930",23,ordinary,ordinary
"6,932",187,top_5_10,outstanding
"6,933",110,top_10_15,outstanding
"6,937",132,top_5_10,outstanding
"6,945",131,top_10_15,outstanding
"6,949",108,top_10_15,outstanding
"6,950",52,top_5,outstanding
"6,952",66,ordinary,ordinary
"6,962",66,top_5,outstanding
"6,963",66,top_5,outstanding
"6,968",172,top_5,outstanding
"6,978",67,ordinary,ordinary
"6,989","1,212",top_5,outstanding
"6,990",65,top_10_15,outstanding
"6,992",10,ordinary,ordinary
"6,996",132,top_10_15,outstanding
"6,998",2,ordinary,ordinary
"7,001",50,top_10_15,outstanding
"7,005",132,top_5_10,outstanding
"7,017",18,ordinary,ordinary
"7,019",708,top_5,outstanding
"7,020",58,ordinary,ordinary
"7,021",64,top_5,outstanding
"7,023",66,ordinary,ordinary
"7,030",165,top_5_10,outstanding
"7,044",215,top_5,outstanding
"7,052",66,top_10_15,outstanding
"7,064","2,279",top_5,outstanding
"7,066",65,ordinary,ordinary
"7,067",393,top_5,outstanding
"7,071",130,top_5,outstanding
"7,074",198,top_10_15,outstanding
"7,079",64,ordinary,ordinary
"7,081",65,ordinary,ordinary
"7,082","1,113",top_5,outstanding
"7,084",126,top_5_10,outstanding
"7,087",189,ordinary,ordinary
"7,089",20,top_10_15,outstanding
"7,093",65,ordinary,ordinary
"7,102","2,610",top_5,outstanding
"7,106",65,ordinary,ordinary
"7,107",65,top_5_10,outstanding
"7,111",933,top_5,outstanding
"7,112",186,top_5,outstanding
"7,117",65,top_5_10,outstanding
"7,123",837,top_5,outstanding
"7,124",60,top_10_15,outstanding
"7,129",108,top_5,outstanding
"7,130",65,ordinary,ordinary
"7,131",65,top_10_15,outstanding
"7,137",161,top_5,outstanding
"7,146",60,top_10_15,outstanding
"7,150",65,top_10_15,outstanding
"7,153",65,ordinary,ordinary
"7,158",459,top_5,outstanding
"7,162",120,top_5_10,outstanding
"7,168",379,top_5,outstanding
"7,176",63,ordinary,ordinary
"7,182",53,top_5_10,outstanding
"7,184",65,top_5,outstanding
"7,188",106,ordinary,ordinary
"7,193","1,151",top_5,outstanding
"7,198",771,top_5,outstanding
"7,199",62,ordinary,ordinary
"7,200",352,top_5,outstanding
"7,201",65,ordinary,ordinary
"7,208",119,ordinary,ordinary
"7,211",891,top_5,outstanding
"7,213",64,ordinary,ordinary
"7,214",159,top_5,outstanding
"7,216",400,top_5,outstanding
"7,220",127,ordinary,ordinary
"7,221",63,top_5_10,outstanding
"7,226",121,top_10_15,outstanding
"7,230",64,top_5,outstanding
"7,232","1,607",top_5,outstanding
"7,233",64,top_10_15,outstanding
"7,234",64,top_10_15,outstanding
"7,238",247,top_5,outstanding
"7,239",64,top_10_15,outstanding
"7,240",279,top_5_10,outstanding
"7,241",158,top_5_10,outstanding
"7,243",60,top_5_10,outstanding
"7,251",64,ordinary,ordinary
"7,253",63,ordinary,ordinary
"7,254",64,top_5_10,outstanding
"7,260",64,top_5_10,outstanding
"7,261",121,top_5_10,outstanding
"7,263",61,top_5,outstanding
"7,267",29,top_10_15,outstanding
"7,270",64,top_5_10,outstanding
"7,274",57,top_5,outstanding
"7,275",64,top_10_15,outstanding
"7,277",88,top_5_10,outstanding
"7,278",8,top_5_10,outstanding
"7,297",63,top_5,outstanding
"7,301",255,top_5,outstanding
"7,305",492,top_5,outstanding
"7,313",70,top_5,outstanding
"7,316",63,ordinary,ordinary
"7,318",230,top_5,outstanding
"7,325",97,top_5,outstanding
"7,330",126,top_10_15,outstanding
"7,332",63,ordinary,ordinary
"7,333",51,top_5,outstanding
"7,337",62,top_5_10,outstanding
"7,340",63,top_10_15,outstanding
"7,343",63,ordinary,ordinary
"7,345",45,top_10_15,outstanding
"7,346",63,ordinary,ordinary
"7,351",60,top_5_10,outstanding
"7,357",63,ordinary,ordinary
"7,361",63,top_5_10,outstanding
"7,370",63,ordinary,ordinary
"7,372",63,ordinary,ordinary
"7,373",63,ordinary,ordinary
"7,374","1,987",top_5,outstanding
"7,378",87,top_10_15,outstanding
"7,380",238,top_10_15,outstanding
"7,384",228,top_10_15,outstanding
"7,386",44,top_5,outstanding
"7,387",126,ordinary,ordinary
"7,388",89,top_5_10,outstanding
"7,389",46,ordinary,ordinary
"7,390",63,ordinary,ordinary
"7,391",2,ordinary,ordinary
"7,392",63,top_5,outstanding
"7,398",138,top_5,outstanding
"7,403",186,top_5,outstanding
"7,409",187,ordinary,ordinary
"7,412",62,ordinary,ordinary
"7,415",179,top_5_10,outstanding
"7,416",547,top_5,outstanding
"7,422",126,top_5_10,outstanding
"7,429",431,top_5,outstanding
"7,434",16,ordinary,ordinary
"7,435","2,141",top_5,outstanding
"7,437",62,ordinary,ordinary
"7,439",665,top_5,outstanding
"7,443",470,top_5_10,outstanding
"7,446",122,top_5,outstanding
"7,449",50,ordinary,ordinary
"7,453",186,ordinary,ordinary
"7,454",154,top_5,outstanding
"7,457",37,ordinary,ordinary
"7,459",62,ordinary,ordinary
"7,462",62,top_5_10,outstanding
"7,463",58,top_5_10,outstanding
"7,466",230,top_5_10,outstanding
"7,470",123,top_10_15,outstanding
"7,475",57,top_5,outstanding
"7,484",62,ordinary,ordinary
"7,487",62,top_5,outstanding
"7,489",362,top_5_10,outstanding
"7,503",111,top_5_10,outstanding
"7,505",94,top_5_10,outstanding
"7,506",62,ordinary,ordinary
"7,507",41,ordinary,ordinary
"7,509",61,ordinary,ordinary
"7,524",62,ordinary,ordinary
"7,538",61,ordinary,ordinary
"7,543",36,top_5_10,outstanding
"7,546",61,ordinary,ordinary
"7,550",111,top_10_15,outstanding
"7,558",244,top_5_10,outstanding
"7,564",61,top_5_10,outstanding
"7,565","2,873",top_5,outstanding
"7,568",61,ordinary,ordinary
"7,569",122,ordinary,ordinary
"7,570",108,top_5_10,outstanding
"7,573",122,top_5,outstanding
"7,574",52,top_10_15,outstanding
"7,576",61,ordinary,ordinary
"7,580",61,ordinary,ordinary
"7,587",120,ordinary,ordinary
"7,588",122,top_5,outstanding
"7,591",98,top_5,outstanding
"7,602",66,top_5_10,outstanding
"7,604",84,top_5,outstanding
"7,605",104,ordinary,ordinary
"7,606",61,ordinary,ordinary
"7,609",422,top_5,outstanding
"7,615",61,top_10_15,outstanding
"7,616",178,top_5_10,outstanding
"7,617","1,083",top_5,outstanding
"7,618",142,top_5_10,outstanding
"7,623",48,ordinary,ordinary
"7,626",61,ordinary,ordinary
"7,632",52,ordinary,ordinary
"7,643",122,ordinary,ordinary
"7,644",61,ordinary,ordinary
"7,645",30,ordinary,ordinary
"7,650",61,ordinary,ordinary
"7,651",240,top_5_10,outstanding
"7,655",151,ordinary,ordinary
"7,657",61,ordinary,ordinary
"7,660",120,top_5_10,outstanding
"7,664",119,top_10_15,outstanding
"7,670",41,top_5_10,outstanding
"7,677",192,top_5_10,outstanding
"7,687",42,top_10_15,outstanding
"7,692",98,top_5_10,outstanding
"7,698",59,ordinary,ordinary
"7,701",144,top_5,outstanding
"7,703",141,top_5,outstanding
"7,716",60,top_5_10,outstanding
"7,719",98,top_5,outstanding
"7,726","1,869",top_5,outstanding
"7,727",42,ordinary,ordinary
"7,730",60,ordinary,ordinary
"7,731",117,ordinary,ordinary
"7,733",60,top_5_10,outstanding
"7,737",475,top_5,outstanding
"7,753",20,ordinary,ordinary
"7,756",60,ordinary,ordinary
"7,760",60,top_10_15,outstanding
"7,761",15,top_10_15,outstanding
"7,762",235,top_5,outstanding
"7,763",93,top_5_10,outstanding
"7,765",83,ordinary,ordinary
"7,770",60,ordinary,ordinary
"7,771",118,top_5_10,outstanding
"7,777",54,top_5,outstanding
"7,781",59,ordinary,ordinary
"7,784",98,top_5_10,outstanding
"7,789",29,top_5_10,outstanding
"7,790",59,top_5_10,outstanding
"7,792",59,top_10_15,outstanding
"7,794",58,top_5_10,outstanding
"7,802",39,top_5,outstanding
"7,807",59,top_5_10,outstanding
"7,813",204,top_5,outstanding
"7,819","2,567",top_5,outstanding
"7,835",114,top_5,outstanding
"7,836",55,top_5_10,outstanding
"7,837",59,top_5,outstanding
"7,840",83,top_5_10,outstanding
"7,847",59,ordinary,ordinary
"7,848",58,top_5_10,outstanding
"7,849",59,ordinary,ordinary
"7,854",59,ordinary,ordinary
"7,856",59,ordinary,ordinary
"7,859",333,top_5_10,outstanding
"7,860",105,top_5_10,outstanding
"7,863",147,top_5_10,outstanding
"7,865",59,ordinary,ordinary
"7,868",97,top_5_10,outstanding
"7,874",59,ordinary,ordinary
"7,875",52,ordinary,ordinary
"7,876",59,ordinary,ordinary
"7,879",160,top_5_10,outstanding
"7,882",116,top_5_10,outstanding
"7,884",59,ordinary,ordinary
"7,885","4,009",top_5,outstanding
"7,886",117,top_5_10,outstanding
"7,887",116,ordinary,ordinary
"7,898","6,326",top_5,outstanding
"7,901",116,top_10_15,outstanding
"7,902",174,top_5,outstanding
"7,903",58,top_10_15,outstanding
"7,904",3,ordinary,ordinary
"7,915",146,top_10_15,outstanding
"7,920",58,ordinary,ordinary
"7,931",116,top_10_15,outstanding
"7,934",58,ordinary,ordinary
"7,935",56,ordinary,ordinary
"7,939",58,top_10_15,outstanding
"7,942",174,top_5,outstanding
"7,943","1,027",top_5,outstanding
"7,944",46,top_10_15,outstanding
"7,947",132,top_5,outstanding
"7,951",58,ordinary,ordinary
"7,952",58,ordinary,ordinary
"7,956",28,top_10_15,outstanding
"7,959",58,top_5_10,outstanding
"7,962",91,top_5_10,outstanding
"7,974",58,ordinary,ordinary
"7,977",116,ordinary,ordinary
"7,981",279,top_5_10,outstanding
"7,993",477,top_5,outstanding
"7,994",111,top_10_15,outstanding
"7,995",58,top_5_10,outstanding
"7,998",129,ordinary,ordinary
"8,001",227,top_5,outstanding
"8,006",614,top_5,outstanding
"8,008",58,ordinary,ordinary
"8,012",116,ordinary,ordinary
"8,014",330,top_5,outstanding
"8,015",54,top_5_10,outstanding
"8,017",57,ordinary,ordinary
"8,020",129,ordinary,ordinary
"8,021",54,ordinary,ordinary
"8,029",105,ordinary,ordinary
"8,031",39,top_5_10,outstanding
"8,033",475,top_5,outstanding
"8,035",55,top_5_10,outstanding
"8,042",92,ordinary,ordinary
"8,044",57,ordinary,ordinary
"8,046",248,top_5,outstanding
"8,055",57,ordinary,ordinary
"8,059",57,ordinary,ordinary
"8,061",57,ordinary,ordinary
"8,072",57,top_5_10,outstanding
"8,077",114,top_5_10,outstanding
"8,079",52,ordinary,ordinary
"8,081",114,ordinary,ordinary
"8,087",114,ordinary,ordinary
"8,089",156,top_5_10,outstanding
"8,113",56,ordinary,ordinary
"8,122",56,ordinary,ordinary
"8,124",436,top_5,outstanding
"8,126",56,ordinary,ordinary
"8,129",298,top_5,outstanding
"8,130",56,top_5_10,outstanding
"8,131",14,top_5_10,outstanding
"8,132",56,ordinary,ordinary
"8,134",56,ordinary,ordinary
"8,135","2,903",top_5,outstanding
"8,138",44,ordinary,ordinary
"8,148",104,ordinary,ordinary
"8,149",222,top_5_10,outstanding
"8,151",56,ordinary,ordinary
"8,157",56,ordinary,ordinary
"8,162",112,top_10_15,outstanding
"8,163",96,top_5_10,outstanding
"8,165",25,ordinary,ordinary
"8,176",188,top_5,outstanding
"8,195",103,top_10_15,outstanding
"8,198",56,ordinary,ordinary
"8,201",259,top_5_10,outstanding
"8,202",50,ordinary,ordinary
"8,209",101,ordinary,ordinary
"8,210",55,top_10_15,outstanding
"8,216",154,top_5,outstanding
"8,219",56,ordinary,ordinary
"8,226",55,ordinary,ordinary
"8,229",158,top_5_10,outstanding
"8,230",55,ordinary,ordinary
"8,231",251,top_5,outstanding
"8,233",55,ordinary,ordinary
"8,235",48,ordinary,ordinary
"8,246",55,ordinary,ordinary
"8,268",55,ordinary,ordinary
"8,269",163,top_5,outstanding
"8,270","1,470",top_5,outstanding
"8,274",157,top_5,outstanding
"8,275",199,top_5_10,outstanding
"8,280",157,top_5_10,outstanding
"8,282",165,ordinary,ordinary
"8,283",54,ordinary,ordinary
"8,291",55,ordinary,ordinary
"8,303",27,top_10_15,outstanding
"8,304",221,top_5_10,outstanding
"8,306",55,ordinary,ordinary
"8,308",55,ordinary,ordinary
"8,309",38,ordinary,ordinary
"8,311",44,top_5_10,outstanding
"8,313",551,top_5,outstanding
"8,319",55,ordinary,ordinary
"8,321",52,ordinary,ordinary
"8,326",54,top_5,outstanding
"8,334",54,ordinary,ordinary
"8,337",106,top_5,outstanding
"8,341",60,top_10_15,outstanding
"8,345",54,ordinary,ordinary
"8,350",187,top_5,outstanding
"8,352",107,top_10_15,outstanding
"8,353",195,top_5_10,outstanding
"8,355",46,top_5_10,outstanding
"8,356",54,ordinary,ordinary
"8,359",49,ordinary,ordinary
"8,361",98,top_10_15,outstanding
"8,362",54,top_10_15,outstanding
"8,364",54,ordinary,ordinary
"8,365",46,ordinary,ordinary
"8,366",46,ordinary,ordinary
"8,371",54,ordinary,ordinary
"8,373",54,ordinary,ordinary
"8,377",54,ordinary,ordinary
"8,379",54,ordinary,ordinary
"8,385",54,ordinary,ordinary
"8,387",54,top_5_10,outstanding
"8,388",54,ordinary,ordinary
"8,392",53,top_5_10,outstanding
"8,396",51,ordinary,ordinary
"8,397",54,ordinary,ordinary
"8,398",283,top_5,outstanding
"8,400",53,ordinary,ordinary
"8,402",54,ordinary,ordinary
"8,404",99,ordinary,ordinary
"8,407",339,top_5,outstanding
"8,408",303,top_5,outstanding
"8,414",54,ordinary,ordinary
"8,419",54,ordinary,ordinary
"8,423",990,top_5,outstanding
"8,425",54,ordinary,ordinary
"8,426",54,ordinary,ordinary
"8,437",54,top_10_15,outstanding
"8,439",54,ordinary,ordinary
"8,440",107,ordinary,ordinary
"8,444",54,ordinary,ordinary
"8,467",53,top_10_15,outstanding
"8,476",8,ordinary,ordinary
"8,478",136,top_5,outstanding
"8,480",53,ordinary,ordinary
"8,490",92,top_10_15,outstanding
"8,493",52,top_10_15,outstanding
"8,501",50,ordinary,ordinary
"8,504",92,ordinary,ordinary
"8,507",159,top_5,outstanding
"8,509",106,ordinary,ordinary
"8,510",106,ordinary,ordinary
"8,512",91,top_5,outstanding
"8,514",53,ordinary,ordinary
"8,517",111,top_5_10,outstanding
"8,524",58,top_10_15,outstanding
"8,526",53,ordinary,ordinary
"8,527",870,top_5,outstanding
"8,529",47,top_10_15,outstanding
"8,533","1,070",top_5,outstanding
"8,535",197,top_5,outstanding
"8,537",35,ordinary,ordinary
"8,544",53,ordinary,ordinary
"8,546",104,top_10_15,outstanding
"8,557",53,ordinary,ordinary
"8,577",5,ordinary,ordinary
"8,584",37,top_5_10,outstanding
"8,585",94,top_5_10,outstanding
"8,586",112,top_5,outstanding
"8,587",106,ordinary,ordinary
"8,593",56,top_10_15,outstanding
"8,594",53,ordinary,ordinary
"8,596",53,ordinary,ordinary
"8,599",53,ordinary,ordinary
"8,601",157,top_10_15,outstanding
"8,603",61,top_5,outstanding
"8,612",41,ordinary,ordinary
"8,625",155,ordinary,ordinary
"8,629",52,ordinary,ordinary
"8,633",97,ordinary,ordinary
"8,639",33,ordinary,ordinary
"8,646",45,ordinary,ordinary
"8,648",52,ordinary,ordinary
"8,652",23,ordinary,ordinary
"8,657",153,ordinary,ordinary
"8,661",47,ordinary,ordinary
"8,680",184,top_5_10,outstanding
"8,684",103,ordinary,ordinary
"8,692",52,top_10_15,outstanding
"8,693",25,ordinary,ordinary
"8,698",154,top_5_10,outstanding
"8,705",18,top_10_15,outstanding
"8,708",47,ordinary,ordinary
"8,711",104,top_5,outstanding
"8,712",202,top_5_10,outstanding
"8,716",4,ordinary,ordinary
"8,720",52,ordinary,ordinary
"8,724",49,top_5_10,outstanding
"8,732",52,top_10_15,outstanding
"8,740",16,top_10_15,outstanding
"8,747",47,ordinary,ordinary
"8,752",184,top_10_15,outstanding
"8,761",136,ordinary,ordinary
"8,766",50,ordinary,ordinary
"8,771",401,top_5,outstanding
"8,772",140,top_5_10,outstanding
"8,774","7,215",top_5,outstanding
"8,780",141,top_5_10,outstanding
"8,781",51,ordinary,ordinary
"8,796",95,top_5,outstanding
"8,806",106,top_5,outstanding
"8,808",152,top_5,outstanding
"8,815",97,ordinary,ordinary
"8,816",150,top_5,outstanding
"8,817",51,ordinary,ordinary
"8,833",51,ordinary,ordinary
"8,835",3,ordinary,ordinary
"8,842",51,ordinary,ordinary
"8,846",51,ordinary,ordinary
"8,853",51,ordinary,ordinary
"8,855",51,ordinary,ordinary
"8,859",50,ordinary,ordinary
"8,865",100,ordinary,ordinary
"8,866",50,ordinary,ordinary
"8,867",200,top_5,outstanding
"8,868",50,ordinary,ordinary
"8,869",150,ordinary,ordinary
"8,870",50,ordinary,ordinary
"8,872",145,top_5_10,outstanding
"8,873",52,top_5_10,outstanding
"8,881",100,top_10_15,outstanding
"8,890",50,ordinary,ordinary
"8,896",50,ordinary,ordinary
"8,897",50,ordinary,ordinary
"8,900",5,ordinary,ordinary
"8,906",167,top_10_15,outstanding
"8,914",3,ordinary,ordinary
"8,919",50,ordinary,ordinary
"8,925",139,top_5,outstanding
"8,931",102,top_5_10,outstanding
"8,932",195,top_5_10,outstanding
"8,935",97,ordinary,ordinary
"8,944",50,ordinary,ordinary
"8,945",42,top_10_15,outstanding
"8,946","1,360",top_5,outstanding
"8,951",149,ordinary,ordinary
"8,956",50,ordinary,ordinary
"8,962",44,top_5_10,outstanding
"8,968",150,top_5,outstanding
"8,969",50,ordinary,ordinary
"8,971",108,top_5_10,outstanding
"8,977",98,ordinary,ordinary
"8,983",50,ordinary,ordinary
"8,984",99,ordinary,ordinary
"8,997",50,ordinary,ordinary
"8,998","2,741",top_5,outstanding
"9,000",50,ordinary,ordinary
"9,006","2,532",top_5,outstanding
"9,007",49,ordinary,ordinary
"9,009",48,ordinary,ordinary
"9,013",367,top_5,outstanding
"9,014","7,528",top_5,outstanding
"9,023",32,top_10_15,outstanding
"9,025",99,ordinary,ordinary
"9,032",382,top_5,outstanding
"9,035",43,ordinary,ordinary
"9,037",36,ordinary,ordinary
"9,063",49,ordinary,ordinary
"9,065","1,248",top_5,outstanding
"9,071",49,ordinary,ordinary
"9,077",49,ordinary,ordinary
"9,078",49,ordinary,ordinary
"9,080",49,ordinary,ordinary
"9,081",3,ordinary,ordinary
"9,082",49,ordinary,ordinary
"9,087",49,top_10_15,outstanding
"9,113",34,ordinary,ordinary
"9,121",98,top_5_10,outstanding
"9,122",245,ordinary,ordinary
"9,123",667,top_5,outstanding
"9,124",49,ordinary,ordinary
"9,138",76,top_10_15,outstanding
"9,141",148,top_5_10,outstanding
"9,145",68,top_5_10,outstanding
"9,148",49,ordinary,ordinary
"9,150",66,ordinary,ordinary
"9,153",49,ordinary,ordinary
"9,157",19,ordinary,ordinary
"9,159",44,top_5_10,outstanding
"9,162",579,top_5,outstanding
"9,163",147,top_10_15,outstanding
"9,174",145,ordinary,ordinary
"9,194",39,top_5,outstanding
"9,198",94,ordinary,ordinary
"9,206",48,ordinary,ordinary
"9,208",54,top_5_10,outstanding
"9,212",79,ordinary,ordinary
"9,213",160,top_5,outstanding
"9,216",48,ordinary,ordinary
"9,217",48,ordinary,ordinary
"9,218",305,top_10_15,outstanding
"9,224",142,ordinary,ordinary
"9,231",48,ordinary,ordinary
"9,239",203,top_5,outstanding
"9,240",48,ordinary,ordinary
"9,249",50,ordinary,ordinary
"9,250",41,ordinary,ordinary
"9,253",96,ordinary,ordinary
"9,254",48,ordinary,ordinary
"9,255",41,ordinary,ordinary
"9,256",41,ordinary,ordinary
"9,261","1,527",top_5,outstanding
"9,270",96,top_10_15,outstanding
"9,273",84,top_5,outstanding
"9,274","1,283",top_5,outstanding
"9,275",48,ordinary,ordinary
"9,283",48,ordinary,ordinary
"9,286",94,ordinary,ordinary
"9,288",45,ordinary,ordinary
"9,289",48,ordinary,ordinary
"9,297",48,ordinary,ordinary
"9,299",48,ordinary,ordinary
"9,301",48,ordinary,ordinary
"9,306",94,ordinary,ordinary
"9,307",84,ordinary,ordinary
"9,309",86,ordinary,ordinary
"9,313",48,ordinary,ordinary
"9,314",42,ordinary,ordinary
"9,316",33,top_5,outstanding
"9,317",132,ordinary,ordinary
"9,327",107,top_5,outstanding
"9,328",48,top_10_15,outstanding
"9,329",3,ordinary,ordinary
"9,339",48,ordinary,ordinary
"9,343",139,ordinary,ordinary
"9,344",36,top_10_15,outstanding
"9,358",48,ordinary,ordinary
"9,363",13,ordinary,ordinary
"9,367",32,ordinary,ordinary
"9,372",48,ordinary,ordinary
"9,381","1,880",top_5,outstanding
"9,383",48,ordinary,ordinary
"9,385",94,ordinary,ordinary
"9,386","7,091",top_5,outstanding
"9,387","1,073",top_5,outstanding
"9,391",109,ordinary,ordinary
"9,393",141,top_5_10,outstanding
"9,404",47,ordinary,ordinary
"9,406",43,top_5_10,outstanding
"9,408",47,ordinary,ordinary
"9,409",65,top_5,outstanding
"9,410",90,top_5,outstanding
"9,412",175,top_5,outstanding
"9,419",47,top_10_15,outstanding
"9,424",93,ordinary,ordinary
"9,426",47,ordinary,ordinary
"9,429",47,ordinary,ordinary
"9,435",47,ordinary,ordinary
"9,437",324,top_5,outstanding
"9,439",47,ordinary,ordinary
"9,443",94,ordinary,ordinary
"9,445",188,top_5,outstanding
"9,448",38,ordinary,ordinary
"9,449",138,top_5,outstanding
"9,464",139,top_5,outstanding
"9,467",72,top_5_10,outstanding
"9,470",46,top_10_15,outstanding
"9,479",589,top_5,outstanding
"9,488",141,top_5,outstanding
"9,496",50,top_5_10,outstanding
"9,497",47,ordinary,ordinary
"9,503",47,ordinary,ordinary
"9,504",382,top_5,outstanding
"9,509",47,ordinary,ordinary
"9,510",129,top_5_10,outstanding
"9,524",40,ordinary,ordinary
"9,529",46,ordinary,ordinary
"9,553",66,top_10_15,outstanding
"9,559",46,ordinary,ordinary
"9,560",83,ordinary,ordinary
"9,569",46,ordinary,ordinary
"9,573",46,ordinary,ordinary
"9,575",138,top_10_15,outstanding
"9,576",46,ordinary,ordinary
"9,594",46,ordinary,ordinary
"9,601",46,ordinary,ordinary
"9,602",46,top_5_10,outstanding
"9,603",46,ordinary,ordinary
"9,608",46,ordinary,ordinary
"9,615",46,ordinary,ordinary
"9,628",36,top_10_15,outstanding
"9,631",2,top_10_15,outstanding
"9,632",92,ordinary,ordinary
"9,634",46,ordinary,ordinary
"9,636",46,top_5_10,outstanding
"9,637",46,ordinary,ordinary
"9,640",295,top_5,outstanding
"9,642",80,ordinary,ordinary
"9,647",46,ordinary,ordinary
"9,651",77,ordinary,ordinary
"9,670",43,ordinary,ordinary
"9,673",46,ordinary,ordinary
"9,675",46,ordinary,ordinary
"9,678",46,ordinary,ordinary
"9,679",38,ordinary,ordinary
"9,680",46,ordinary,ordinary
"9,683",86,top_10_15,outstanding
"9,689",135,top_10_15,outstanding
"9,695",58,top_5,outstanding
"9,698",46,ordinary,ordinary
"9,699",46,ordinary,ordinary
"9,701",46,ordinary,ordinary
"9,707",46,ordinary,ordinary
"9,712",45,ordinary,ordinary
"9,713",90,ordinary,ordinary
"9,715",46,ordinary,ordinary
"9,717",46,ordinary,ordinary
"9,718",4,top_10_15,outstanding
"9,721",46,ordinary,ordinary
"9,722",45,ordinary,ordinary
"9,724",135,ordinary,ordinary
"9,727",180,top_5,outstanding
"9,730",135,top_5_10,outstanding
"9,735",82,top_5_10,outstanding
"9,739",40,ordinary,ordinary
"9,747",45,ordinary,ordinary
"9,752","1,183",top_5,outstanding
"9,758",43,ordinary,ordinary
"9,763",36,ordinary,ordinary
"9,774",40,ordinary,ordinary
"9,775",45,ordinary,ordinary
"9,781",45,ordinary,ordinary
"9,796",42,ordinary,ordinary
"9,797",45,ordinary,ordinary
"9,803",43,ordinary,ordinary
"9,809",70,ordinary,ordinary
"9,827",45,ordinary,ordinary
"9,831",45,ordinary,ordinary
"9,844",100,top_5_10,outstanding
"9,847",45,ordinary,ordinary
"9,848",89,ordinary,ordinary
"9,850",82,ordinary,ordinary
"9,852",90,ordinary,ordinary
"9,857",285,top_5,outstanding
"9,860",45,ordinary,ordinary
"9,864",45,ordinary,ordinary
"9,865",47,ordinary,ordinary
"9,869",45,ordinary,ordinary
"9,870",45,ordinary,ordinary
"9,877",44,ordinary,ordinary
"9,878","1,536",top_5,outstanding
"9,885",45,ordinary,ordinary
"9,898",88,ordinary,ordinary
"9,904",32,top_10_15,outstanding
"9,905",44,ordinary,ordinary
"9,909",87,ordinary,ordinary
"9,910",49,top_5_10,outstanding
"9,913",44,ordinary,ordinary
"9,917",75,ordinary,ordinary
"9,918",44,ordinary,ordinary
"9,925",44,ordinary,ordinary
"9,930",142,top_10_15,outstanding
"9,932",323,top_5,outstanding
"9,942",481,top_5,outstanding
"9,949",350,top_5,outstanding
"9,955",88,ordinary,ordinary
"9,964",48,top_10_15,outstanding
"9,966",43,ordinary,ordinary
"9,971",44,ordinary,ordinary
"9,980",35,ordinary,ordinary
"9,993",44,ordinary,ordinary
"9,995",129,top_5,outstanding
"9,998",37,ordinary,ordinary
"10,004",44,ordinary,ordinary
"10,007",23,top_10_15,outstanding
"10,009",80,top_10_15,outstanding
"10,014",64,ordinary,ordinary
"10,016",15,ordinary,ordinary
"10,019",44,ordinary,ordinary
"10,020",41,ordinary,ordinary
"10,022",127,top_10_15,outstanding
"10,036",8,top_10_15,outstanding
"10,038",44,ordinary,ordinary
"10,040",304,top_5_10,outstanding
"10,047",44,ordinary,ordinary
"10,064",44,ordinary,ordinary
"10,068",43,ordinary,ordinary
"10,070",639,top_5,outstanding
"10,071",86,top_5_10,outstanding
"10,072",116,top_5_10,outstanding
"10,073",36,top_5,outstanding
"10,077",84,ordinary,ordinary
"10,080",205,top_5,outstanding
"10,086",43,ordinary,ordinary
"10,089",43,top_5_10,outstanding
"10,107",88,top_10_15,outstanding
"10,115",43,ordinary,ordinary
"10,128",95,top_5_10,outstanding
"10,129",128,ordinary,ordinary
"10,132",36,ordinary,ordinary
"10,136",82,top_5_10,outstanding
"10,166",42,ordinary,ordinary
"10,168",40,ordinary,ordinary
"10,171","6,686",top_5,outstanding
"10,175","1,094",top_5,outstanding
"10,176",43,ordinary,ordinary
"10,177",43,ordinary,ordinary
"10,182",86,top_5_10,outstanding
"10,183",43,ordinary,ordinary
"10,186",76,ordinary,ordinary
"10,188",157,ordinary,ordinary
"10,199",94,ordinary,ordinary
"10,202",43,ordinary,ordinary
"10,203",86,ordinary,ordinary
"10,206",42,ordinary,ordinary
"10,214","2,417",top_5,outstanding
"10,219",39,ordinary,ordinary
"10,227",42,ordinary,ordinary
"10,231",42,ordinary,ordinary
"10,232",58,ordinary,ordinary
"10,238",43,ordinary,ordinary
"10,247",36,ordinary,ordinary
"10,248",10,ordinary,ordinary
"10,252",43,ordinary,ordinary
"10,253",43,ordinary,ordinary
"10,262",43,ordinary,ordinary
"10,277",82,top_10_15,outstanding
"10,286",42,ordinary,ordinary
"10,288",39,ordinary,ordinary
"10,291",42,top_5_10,outstanding
"10,296",42,ordinary,ordinary
"10,304",42,ordinary,ordinary
"10,311",84,ordinary,ordinary
"10,327",42,ordinary,ordinary
"10,332",42,top_10_15,outstanding
"10,340",84,ordinary,ordinary
"10,341",8,ordinary,ordinary
"10,350",12,top_5,outstanding
"10,351",164,top_10_15,outstanding
"10,353",249,top_5,outstanding
"10,358",42,ordinary,ordinary
"10,370",37,ordinary,ordinary
"10,371",252,top_5,outstanding
"10,376",25,top_10_15,outstanding
"10,381",41,ordinary,ordinary
"10,388",11,top_5_10,outstanding
"10,390",42,ordinary,ordinary
"10,394",18,top_10_15,outstanding
"10,397",42,ordinary,ordinary
"10,402",30,top_10_15,outstanding
"10,407",36,ordinary,ordinary
"10,412",42,ordinary,ordinary
"10,418",163,ordinary,ordinary
"10,423",40,top_5_10,outstanding
"10,425",84,ordinary,ordinary
"10,431",42,ordinary,ordinary
"10,434",31,top_5_10,outstanding
"10,438",31,ordinary,ordinary
"10,441",42,ordinary,ordinary
"10,443",42,ordinary,ordinary
"10,445",156,top_10_15,outstanding
"10,455",197,ordinary,ordinary
"10,457",27,ordinary,ordinary
"10,466",41,ordinary,ordinary
"10,473",41,top_10_15,outstanding
"10,481",41,ordinary,ordinary
"10,490",56,top_10_15,outstanding
"10,497",82,ordinary,ordinary
"10,500",41,ordinary,ordinary
"10,503",23,top_5_10,outstanding
"10,504",82,ordinary,ordinary
"10,509",41,ordinary,ordinary
"10,515",82,top_5_10,outstanding
"10,530",82,ordinary,ordinary
"10,532",82,ordinary,ordinary
"10,534",31,ordinary,ordinary
"10,537",74,ordinary,ordinary
"10,547",41,ordinary,ordinary
"10,555",283,top_10_15,outstanding
"10,557",41,ordinary,ordinary
"10,559",41,ordinary,ordinary
"10,560",79,ordinary,ordinary
"10,563",30,ordinary,ordinary
"10,564",19,top_10_15,outstanding
"10,565",40,top_10_15,outstanding
"10,575",41,ordinary,ordinary
"10,578",77,ordinary,ordinary
"10,585",365,top_5,outstanding
"10,593",78,ordinary,ordinary
"10,599",13,ordinary,ordinary
"10,601",207,top_5_10,outstanding
"10,606",321,top_5,outstanding
"10,609",78,ordinary,ordinary
"10,610",164,top_5,outstanding
"10,611",39,top_5,outstanding
"10,617",41,ordinary,ordinary
"10,622",41,ordinary,ordinary
"10,627",109,top_5_10,outstanding
"10,630",19,ordinary,ordinary
"10,635",288,top_5,outstanding
"10,642",41,ordinary,ordinary
"10,659",910,top_5,outstanding
"10,660","1,049",top_5,outstanding
"10,661",40,top_5_10,outstanding
"10,663",859,top_5,outstanding
"10,668",113,top_10_15,outstanding
"10,672",282,top_5,outstanding
"10,679",82,ordinary,ordinary
"10,680",60,top_5_10,outstanding
"10,682",148,top_5,outstanding
"10,689",41,ordinary,ordinary
"10,693",82,ordinary,ordinary
"10,698",82,ordinary,ordinary
"10,707",41,ordinary,ordinary
"10,709",35,ordinary,ordinary
"10,711",113,top_10_15,outstanding
"10,728",246,top_5_10,outstanding
"10,734",120,top_10_15,outstanding
"10,735",36,ordinary,ordinary
"10,736",40,ordinary,ordinary
"10,749",80,ordinary,ordinary
"10,753",40,ordinary,ordinary
"10,764",40,ordinary,ordinary
"10,765",118,ordinary,ordinary
"10,773",65,ordinary,ordinary
"10,774",39,ordinary,ordinary
"10,775",80,ordinary,ordinary
"10,782",40,top_5,outstanding
"10,784",120,ordinary,ordinary
"10,786",152,top_5,outstanding
"10,788",80,top_5_10,outstanding
"10,789",40,top_10_15,outstanding
"10,790",40,ordinary,ordinary
"10,793",40,ordinary,ordinary
"10,795",80,ordinary,ordinary
"10,798",80,ordinary,ordinary
"10,816",23,ordinary,ordinary
"10,821",40,ordinary,ordinary
"10,824",36,top_5_10,outstanding
"10,828",38,top_5_10,outstanding
"10,829",30,ordinary,ordinary
"10,843",40,ordinary,ordinary
"10,844",40,ordinary,ordinary
"10,853",80,top_5_10,outstanding
"10,857",91,top_5,outstanding
"10,866",40,ordinary,ordinary
"10,876",40,ordinary,ordinary
"10,877",9,ordinary,ordinary
"10,878",40,ordinary,ordinary
"10,880",109,top_10_15,outstanding
"10,881",40,ordinary,ordinary
"10,883",78,top_10_15,outstanding
"10,886",39,ordinary,ordinary
"10,888",103,top_5,outstanding
"10,889",40,ordinary,ordinary
"10,892",12,ordinary,ordinary
"10,898",25,ordinary,ordinary
"10,902",80,ordinary,ordinary
"10,904","1,145",top_5,outstanding
"10,905",40,ordinary,ordinary
"10,913",40,ordinary,ordinary
"10,915",40,ordinary,ordinary
"10,922",40,ordinary,ordinary
"10,923",39,ordinary,ordinary
"10,925",80,ordinary,ordinary
"10,934",40,ordinary,ordinary
"10,947",40,ordinary,ordinary
"10,950",43,ordinary,ordinary
"10,953",39,ordinary,ordinary
"10,957",322,top_5,outstanding
"10,958",40,ordinary,ordinary
"10,962",26,ordinary,ordinary
"10,964",39,top_5_10,outstanding
"10,967",118,top_5_10,outstanding
"10,969",114,top_5,outstanding
"10,970",189,top_5_10,outstanding
"10,972",12,top_5,outstanding
"10,975",39,ordinary,ordinary
"10,980",117,ordinary,ordinary
"10,984",35,top_10_15,outstanding
"10,999",39,top_5_10,outstanding
"11,008",78,ordinary,ordinary
"11,011",31,top_5_10,outstanding
"11,015",39,ordinary,ordinary
"11,025",97,top_5_10,outstanding
"11,026",447,top_5_10,outstanding
"11,027",39,ordinary,ordinary
"11,030",231,top_5_10,outstanding
"11,034",39,ordinary,ordinary
"11,035",77,ordinary,ordinary
"11,036",39,ordinary,ordinary
"11,037",52,top_10_15,outstanding
"11,044",278,top_5,outstanding
"11,047",68,top_5_10,outstanding
"11,066",39,ordinary,ordinary
"11,076",39,ordinary,ordinary
"11,092",311,top_5,outstanding
"11,093",117,top_10_15,outstanding
"11,097",39,ordinary,ordinary
"11,103","1,693",top_5,outstanding
"11,108",113,top_5,outstanding
"11,109",193,top_5,outstanding
"11,110",39,ordinary,ordinary
"11,111",78,ordinary,ordinary
"11,113",39,ordinary,ordinary
"11,124",115,top_5,outstanding
"11,127",39,ordinary,ordinary
"11,128",37,ordinary,ordinary
"11,131",75,top_5_10,outstanding
"11,133",38,ordinary,ordinary
"11,136",39,ordinary,ordinary
"11,140",38,ordinary,ordinary
"11,142",39,ordinary,ordinary
"11,143",73,top_10_15,outstanding
"11,152",78,ordinary,ordinary
"11,155",39,top_10_15,outstanding
"11,162",39,top_10_15,outstanding
"11,168",151,top_5,outstanding
"11,169",25,ordinary,ordinary
"11,176",75,top_10_15,outstanding
"11,190",39,ordinary,ordinary
"11,197",105,ordinary,ordinary
"11,200",960,top_5,outstanding
"11,206",38,ordinary,ordinary
"11,209",62,top_10_15,outstanding
"11,216",155,top_5_10,outstanding
"11,217",21,ordinary,ordinary
"11,218",38,ordinary,ordinary
"11,221",39,ordinary,ordinary
"11,226",109,ordinary,ordinary
"11,237",39,ordinary,ordinary
"11,242",39,ordinary,ordinary
"11,251",29,ordinary,ordinary
"11,256",48,ordinary,ordinary
"11,264",69,ordinary,ordinary
"11,273",679,top_5,outstanding
"11,278",109,top_5,outstanding
"11,279",38,ordinary,ordinary
"11,282",38,ordinary,ordinary
"11,283",38,ordinary,ordinary
"11,288",38,ordinary,ordinary
"11,292",111,top_5_10,outstanding
"11,298",37,top_5,outstanding
"11,299",38,top_10_15,outstanding
"11,301",34,ordinary,ordinary
"11,303",87,top_5_10,outstanding
"11,312",38,ordinary,ordinary
"11,313",193,top_5,outstanding
"11,328",325,top_5,outstanding
"11,332",46,ordinary,ordinary
"11,335",38,ordinary,ordinary
"11,353",40,ordinary,ordinary
"11,362",38,ordinary,ordinary
"11,363",38,ordinary,ordinary
"11,367",37,ordinary,ordinary
"11,373",38,ordinary,ordinary
"11,374",20,ordinary,ordinary
"11,379",38,ordinary,ordinary
"11,381",55,ordinary,ordinary
"11,382",38,ordinary,ordinary
"11,385",38,ordinary,ordinary
"11,391",83,top_5_10,outstanding
"11,400",38,ordinary,ordinary
"11,407",76,ordinary,ordinary
"11,411",65,top_10_15,outstanding
"11,412",57,top_5_10,outstanding
"11,421",76,ordinary,ordinary
"11,427",38,ordinary,ordinary
"11,429",284,top_5,outstanding
"11,437",38,ordinary,ordinary
"11,448",275,top_5,outstanding
"11,450",35,ordinary,ordinary
"11,456",38,ordinary,ordinary
"11,459",22,ordinary,ordinary
"11,469",38,ordinary,ordinary
"11,474",38,ordinary,ordinary
"11,475",127,top_10_15,outstanding
"11,476",38,ordinary,ordinary
"11,477",38,ordinary,ordinary
"11,482",38,ordinary,ordinary
"11,484",38,ordinary,ordinary
"11,485",19,ordinary,ordinary
"11,496",224,top_5_10,outstanding
"11,497",38,ordinary,ordinary
"11,501",113,ordinary,ordinary
"11,509",25,top_10_15,outstanding
"11,512",38,ordinary,ordinary
"11,517",72,ordinary,ordinary
"11,518",50,top_5,outstanding
"11,519",38,ordinary,ordinary
"11,540",37,ordinary,ordinary
"11,550",10,top_5_10,outstanding
"11,551",74,ordinary,ordinary
"11,552",37,ordinary,ordinary
"11,560",37,ordinary,ordinary
"11,570",67,top_10_15,outstanding
"11,575",61,ordinary,ordinary
"11,581",19,top_5_10,outstanding
"11,586",73,ordinary,ordinary
"11,587",2,ordinary,ordinary
"11,589",37,ordinary,ordinary
"11,592",17,top_10_15,outstanding
"11,608",178,top_5_10,outstanding
"11,617",13,top_5,outstanding
"11,618",36,top_10_15,outstanding
"11,633",37,ordinary,ordinary
"11,635",27,ordinary,ordinary
"11,636",21,ordinary,ordinary
"11,651",170,top_5_10,outstanding
"11,684",37,ordinary,ordinary
"11,690",37,ordinary,ordinary
"11,692",125,top_5,outstanding
"11,693",298,top_5,outstanding
"11,701",93,ordinary,ordinary
"11,702",26,ordinary,ordinary
"11,703",37,ordinary,ordinary
"11,704",37,ordinary,ordinary
"11,709",222,top_5,outstanding
"11,714",89,ordinary,ordinary
"11,723",37,ordinary,ordinary
"11,725",37,ordinary,ordinary
"11,726",37,ordinary,ordinary
"11,729",136,ordinary,ordinary
"11,731",166,ordinary,ordinary
"11,732",71,top_5_10,outstanding
"11,735",73,ordinary,ordinary
"11,738",37,ordinary,ordinary
"11,747",36,top_10_15,outstanding
"11,748",74,ordinary,ordinary
"11,755",36,ordinary,ordinary
"11,761",111,top_5_10,outstanding
"11,767",285,top_10_15,outstanding
"11,769",74,ordinary,ordinary
"11,770",622,top_5,outstanding
"11,771",36,ordinary,ordinary
"11,774",18,top_10_15,outstanding
"11,775",37,ordinary,ordinary
"11,780",35,ordinary,ordinary
"11,782",37,ordinary,ordinary
"11,787",56,top_5_10,outstanding
"11,792",119,top_5_10,outstanding
"11,797",208,top_5_10,outstanding
"11,802",30,ordinary,ordinary
"11,809",52,top_5,outstanding
"11,812",36,ordinary,ordinary
"11,820",145,top_5,outstanding
"11,833",36,ordinary,ordinary
"11,837",36,ordinary,ordinary
"11,838",36,ordinary,ordinary
"11,839",36,ordinary,ordinary
"11,840","1,301",top_5,outstanding
"11,846",33,top_5_10,outstanding
"11,847",32,ordinary,ordinary
"11,849",106,top_5_10,outstanding
"11,850",36,ordinary,ordinary
"11,853",14,top_5_10,outstanding
"11,866",143,top_5_10,outstanding
"11,868",25,top_5,outstanding
"11,897",25,ordinary,ordinary
"11,899",98,ordinary,ordinary
"11,900",36,ordinary,ordinary
"11,911",36,ordinary,ordinary
"11,912",36,ordinary,ordinary
"11,913",36,ordinary,ordinary
"11,916",35,ordinary,ordinary
"11,918",36,ordinary,ordinary
"11,920",132,ordinary,ordinary
"11,922",36,ordinary,ordinary
"11,923",36,top_5_10,outstanding
"11,927",18,ordinary,ordinary
"11,930",36,ordinary,ordinary
"11,941",36,ordinary,ordinary
"11,942",36,ordinary,ordinary
"11,944",36,ordinary,ordinary
"11,956",36,ordinary,ordinary
"11,958",77,top_5_10,outstanding
"11,965",55,top_10_15,outstanding
"11,973",36,ordinary,ordinary
"11,984",36,ordinary,ordinary
"11,995",36,ordinary,ordinary
"12,002",35,top_5_10,outstanding
"12,024",16,top_10_15,outstanding
"12,026",13,ordinary,ordinary
"12,035",72,top_5,outstanding
"12,037",36,ordinary,ordinary
"12,081",16,ordinary,ordinary
"12,092",6,ordinary,ordinary
"12,095",35,ordinary,ordinary
"12,099",35,ordinary,ordinary
"12,101",69,ordinary,ordinary
"12,103",35,ordinary,ordinary
"12,109",35,ordinary,ordinary
"12,113",35,ordinary,ordinary
"12,114",88,top_5_10,outstanding
"12,115",891,top_5,outstanding
"12,124",70,top_10_15,outstanding
"12,136",19,top_5,outstanding
"12,137",35,ordinary,ordinary
"12,140",35,ordinary,ordinary
"12,141",58,ordinary,ordinary
"12,142",35,ordinary,ordinary
"12,146",35,ordinary,ordinary
"12,147",27,top_5_10,outstanding
"12,149",35,ordinary,ordinary
"12,151",64,ordinary,ordinary
"12,156",60,top_5_10,outstanding
"12,157",35,ordinary,ordinary
"12,159",35,top_10_15,outstanding
"12,161",233,top_5,outstanding
"12,163",70,ordinary,ordinary
"12,166",35,ordinary,ordinary
"12,168",35,ordinary,ordinary
"12,177",35,ordinary,ordinary
"12,179",70,top_10_15,outstanding
"12,180",104,top_5_10,outstanding
"12,181",51,top_10_15,outstanding
"12,184",66,top_5,outstanding
"12,195",1,ordinary,ordinary
"12,197",35,ordinary,ordinary
"12,203",90,top_10_15,outstanding
"12,210",35,ordinary,ordinary
"12,212",131,top_5,outstanding
"12,217",70,ordinary,ordinary
"12,225",70,ordinary,ordinary
"12,238",35,ordinary,ordinary
"12,240",35,top_5_10,outstanding
"12,248",35,ordinary,ordinary
"12,253",35,top_5_10,outstanding
"12,256",35,ordinary,ordinary
"12,260",35,ordinary,ordinary
"12,261",35,ordinary,ordinary
"12,266",24,ordinary,ordinary
"12,269",129,top_5_10,outstanding
"12,278",70,ordinary,ordinary
"12,282",35,ordinary,ordinary
"12,286",31,ordinary,ordinary
"12,294",35,ordinary,ordinary
"12,295",16,ordinary,ordinary
"12,316",35,ordinary,ordinary
"12,331",2,top_5_10,outstanding
"12,334",35,ordinary,ordinary
"12,343",34,ordinary,ordinary
"12,345",35,ordinary,ordinary
"12,352",472,top_5,outstanding
"12,357",144,top_5,outstanding
"12,359",70,ordinary,ordinary
"12,367",35,ordinary,ordinary
"12,370",35,ordinary,ordinary
"12,376",37,ordinary,ordinary
"12,377",692,top_5,outstanding
"12,380",101,top_5,outstanding
"12,389",35,top_10_15,outstanding
"12,390",14,ordinary,ordinary
"12,405",35,ordinary,ordinary
"12,408",30,ordinary,ordinary
"12,416",35,ordinary,ordinary
"12,424",70,ordinary,ordinary
"12,426",35,ordinary,ordinary
"12,429",70,ordinary,ordinary
"12,441",35,ordinary,ordinary
"12,450",32,top_5_10,outstanding
"12,477",35,ordinary,ordinary
"12,479",137,top_5,outstanding
"12,491",34,top_10_15,outstanding
"12,497",33,top_10_15,outstanding
"12,501",34,ordinary,ordinary
"12,502",31,top_10_15,outstanding
"12,503",34,ordinary,ordinary
"12,506",44,ordinary,ordinary
"12,508",34,top_10_15,outstanding
"12,524",68,ordinary,ordinary
"12,526",31,ordinary,ordinary
"12,528",88,top_5,outstanding
"12,535",32,ordinary,ordinary
"12,539",23,top_5_10,outstanding
"12,560",34,ordinary,ordinary
"12,577",34,ordinary,ordinary
"12,578",68,ordinary,ordinary
"12,586",34,ordinary,ordinary
"12,594",323,top_5,outstanding
"12,596",64,top_5,outstanding
"12,600",34,ordinary,ordinary
"12,601",29,ordinary,ordinary
"12,604",34,ordinary,ordinary
"12,607",34,ordinary,ordinary
"12,615",180,top_5,outstanding
"12,619",34,top_10_15,outstanding
"12,620",9,ordinary,ordinary
"12,622",34,ordinary,ordinary
"12,623",27,ordinary,ordinary
"12,637",32,ordinary,ordinary
"12,641",11,top_10_15,outstanding
"12,660",68,top_5_10,outstanding
"12,664",68,ordinary,ordinary
"12,667",34,ordinary,ordinary
"12,686",4,top_10_15,outstanding
"12,687",34,top_5_10,outstanding
"12,691",34,top_5,outstanding
"12,699",23,top_5,outstanding
"12,712",32,ordinary,ordinary
"12,723",68,top_10_15,outstanding
"12,728",60,ordinary,ordinary
"12,729",32,ordinary,ordinary
"12,739",34,ordinary,ordinary
"12,743",374,top_5,outstanding
"12,747",33,ordinary,ordinary
"12,758",34,ordinary,ordinary
"12,784",34,ordinary,ordinary
"12,786",34,ordinary,ordinary
"12,789",34,ordinary,ordinary
"12,795",21,ordinary,ordinary
"12,799",49,top_5,outstanding
"12,800",34,ordinary,ordinary
"12,819",29,ordinary,ordinary
"12,821",27,top_5,outstanding
"12,828",34,ordinary,ordinary
"12,845",66,ordinary,ordinary
"12,860",31,ordinary,ordinary
"12,863",18,ordinary,ordinary
"12,876",73,top_10_15,outstanding
"12,903",32,top_5_10,outstanding
"12,910",34,ordinary,ordinary
"12,913",220,top_5,outstanding
"12,914",34,ordinary,ordinary
"12,915",31,ordinary,ordinary
"12,918",34,top_10_15,outstanding
"12,922",34,ordinary,ordinary
"12,924",33,top_5_10,outstanding
"12,933",43,top_10_15,outstanding
"12,934",34,ordinary,ordinary
"12,943",33,ordinary,ordinary
"12,944",33,ordinary,ordinary
"12,945",34,ordinary,ordinary
"12,954",33,ordinary,ordinary
"12,962",31,ordinary,ordinary
"12,963",253,top_5,outstanding
"12,964",81,ordinary,ordinary
"12,971",33,ordinary,ordinary
"12,992",26,ordinary,ordinary
"12,993",33,ordinary,ordinary
"13,002",93,top_5,outstanding
"13,010",58,ordinary,ordinary
"13,019",33,ordinary,ordinary
"13,025",66,top_10_15,outstanding
"13,039",33,top_5_10,outstanding
"13,050",33,ordinary,ordinary
"13,054",30,ordinary,ordinary
"13,059",17,top_10_15,outstanding
"13,074",56,ordinary,ordinary
"13,075",69,ordinary,ordinary
"13,077",33,ordinary,ordinary
"13,079",33,ordinary,ordinary
"13,081",65,ordinary,ordinary
"13,092",32,ordinary,ordinary
"13,099",27,ordinary,ordinary
"13,104",31,top_5_10,outstanding
"13,107",33,ordinary,ordinary
"13,113",33,ordinary,ordinary
"13,129",169,top_5,outstanding
"13,144",33,ordinary,ordinary
"13,158",31,ordinary,ordinary
"13,163",60,top_5,outstanding
"13,164",19,ordinary,ordinary
"13,172",33,ordinary,ordinary
"13,175",37,top_10_15,outstanding
"13,177",31,top_10_15,outstanding
"13,180",33,ordinary,ordinary
"13,181",26,ordinary,ordinary
"13,183",33,ordinary,ordinary
"13,184",65,top_5_10,outstanding
"13,187",33,ordinary,ordinary
"13,189",30,ordinary,ordinary
"13,193",66,ordinary,ordinary
"13,198",33,ordinary,ordinary
"13,207",32,ordinary,ordinary
"13,208",359,top_5,outstanding
"13,210",33,ordinary,ordinary
"13,212",57,top_10_15,outstanding
"13,213",66,ordinary,ordinary
"13,219",14,ordinary,ordinary
"13,220",46,ordinary,ordinary
"13,230",25,top_5_10,outstanding
"13,244",32,ordinary,ordinary
"13,246",33,ordinary,ordinary
"13,252",33,ordinary,ordinary
"13,257",33,ordinary,ordinary
"13,269",33,ordinary,ordinary
"13,270",148,top_5,outstanding
"13,273",53,top_5_10,outstanding
"13,274",33,ordinary,ordinary
"13,276",59,top_10_15,outstanding
"13,289",30,ordinary,ordinary
"13,292",64,ordinary,ordinary
"13,295",32,ordinary,ordinary
"13,298",32,ordinary,ordinary
"13,299","4,426",top_5,outstanding
"13,300",32,ordinary,ordinary
"13,307",32,ordinary,ordinary
"13,308",42,ordinary,ordinary
"13,335",32,ordinary,ordinary
"13,338",32,ordinary,ordinary
"13,345",125,top_5,outstanding
"13,349",32,ordinary,ordinary
"13,353",9,top_10_15,outstanding
"13,362",59,ordinary,ordinary
"13,366",32,ordinary,ordinary
"13,377",32,ordinary,ordinary
"13,379",320,top_5,outstanding
"13,380",64,ordinary,ordinary
"13,386",60,top_5_10,outstanding
"13,393",18,ordinary,ordinary
"13,395",32,ordinary,ordinary
"13,396",32,ordinary,ordinary
"13,403",32,ordinary,ordinary
"13,404",34,top_5_10,outstanding
"13,417",32,ordinary,ordinary
"13,419",32,ordinary,ordinary
"13,424",439,top_5,outstanding
"13,438",32,top_10_15,outstanding
"13,443",32,ordinary,ordinary
"13,452",93,ordinary,ordinary
"13,456",56,top_5_10,outstanding
"13,458",32,ordinary,ordinary
"13,462",32,ordinary,ordinary
"13,473",32,ordinary,ordinary
"13,490",20,top_5_10,outstanding
"13,497",72,top_5,outstanding
"13,507",18,top_5_10,outstanding
"13,508",96,ordinary,ordinary
"13,520",32,ordinary,ordinary
"13,523",32,ordinary,ordinary
"13,528",32,ordinary,ordinary
"13,537",96,top_5,outstanding
"13,541",32,ordinary,ordinary
"13,545",32,ordinary,ordinary
"13,546",95,top_5_10,outstanding
"13,553",32,ordinary,ordinary
"13,556",32,ordinary,ordinary
"13,558",32,ordinary,ordinary
"13,560",32,ordinary,ordinary
"13,568",32,ordinary,ordinary
"13,575",445,top_5,outstanding
"13,578",32,ordinary,ordinary
"13,606",32,ordinary,ordinary
"13,608",32,ordinary,ordinary
"13,617",31,ordinary,ordinary
"13,618",31,ordinary,ordinary
"13,634",31,ordinary,ordinary
"13,641",31,ordinary,ordinary
"13,650",31,ordinary,ordinary
"13,654",569,top_5,outstanding
"13,657",62,ordinary,ordinary
"13,671",58,ordinary,ordinary
"13,672",31,ordinary,ordinary
"13,675",28,top_5_10,outstanding
"13,693","1,516",top_5,outstanding
"13,695",31,ordinary,ordinary
"13,714",31,ordinary,ordinary
"13,715",31,ordinary,ordinary
"13,721",89,top_5_10,outstanding
"13,727",31,ordinary,ordinary
"13,730",23,ordinary,ordinary
"13,742",29,ordinary,ordinary
"13,753",31,ordinary,ordinary
"13,759",46,top_5_10,outstanding
"13,766",61,top_5_10,outstanding
"13,769",31,ordinary,ordinary
"13,774",33,top_5_10,outstanding
"13,775",31,ordinary,ordinary
"13,778",14,top_5_10,outstanding
"13,782",22,ordinary,ordinary
"13,795",210,ordinary,ordinary
"13,803",48,ordinary,ordinary
"13,804",31,ordinary,ordinary
"13,810",31,ordinary,ordinary
"13,811",31,ordinary,ordinary
"13,813",288,top_5_10,outstanding
"13,815",3,top_5_10,outstanding
"13,825",24,top_5_10,outstanding
"13,826",3,ordinary,ordinary
"13,827",31,ordinary,ordinary
"13,828",29,top_5_10,outstanding
"13,832",60,ordinary,ordinary
"13,834",56,top_5_10,outstanding
"13,835",118,top_5,outstanding
"13,841",29,ordinary,ordinary
"13,842",31,ordinary,ordinary
"13,847",53,ordinary,ordinary
"13,851",249,top_5,outstanding
"13,855",348,top_5,outstanding
"13,858",31,ordinary,ordinary
"13,869",90,ordinary,ordinary
"13,887",30,top_10_15,outstanding
"13,893",59,ordinary,ordinary
"13,900",30,ordinary,ordinary
"13,904",30,ordinary,ordinary
"13,905",74,top_5_10,outstanding
"13,910",5,ordinary,ordinary
"13,915",30,ordinary,ordinary
"13,921",21,ordinary,ordinary
"13,922",147,top_5,outstanding
"13,947",90,ordinary,ordinary
"13,963",30,ordinary,ordinary
"13,979",9,ordinary,ordinary
"13,988",30,ordinary,ordinary
"13,991",156,top_5,outstanding
"14,001",583,top_5,outstanding
"14,012",30,ordinary,ordinary
"14,025",27,top_10_15,outstanding
"14,034","1,146",top_5,outstanding
"14,041",28,ordinary,ordinary
"14,050",27,ordinary,ordinary
"14,054",84,top_5_10,outstanding
"14,057",369,top_5,outstanding
"14,070",353,top_5,outstanding
"14,078",1,ordinary,ordinary
"14,079",90,ordinary,ordinary
"14,083",30,top_5,outstanding
"14,086",50,ordinary,ordinary
"14,102",28,ordinary,ordinary
"14,105",60,ordinary,ordinary
"14,114",111,ordinary,ordinary
"14,122",30,ordinary,ordinary
"14,130",60,top_5_10,outstanding
"14,141",16,ordinary,ordinary
"14,152",30,ordinary,ordinary
"14,158",30,ordinary,ordinary
"14,169",30,ordinary,ordinary
"14,172",29,top_10_15,outstanding
"14,191",29,ordinary,ordinary
"14,193",30,top_10_15,outstanding
"14,197",327,top_5,outstanding
"14,205",30,ordinary,ordinary
"14,208",24,top_10_15,outstanding
"14,209",30,ordinary,ordinary
"14,214",56,top_5_10,outstanding
"14,218",30,ordinary,ordinary
"14,220",23,top_5_10,outstanding
"14,222",16,ordinary,ordinary
"14,238",116,top_10_15,outstanding
"14,244",30,top_10_15,outstanding
"14,250",56,ordinary,ordinary
"14,253",30,ordinary,ordinary
"14,254",4,top_5_10,outstanding
"14,262",30,ordinary,ordinary
"14,268",30,top_5_10,outstanding
"14,271",30,ordinary,ordinary
"14,274",90,ordinary,ordinary
"14,286",59,top_5,outstanding
"14,292",109,ordinary,ordinary
"14,293",10,ordinary,ordinary
"14,306",27,ordinary,ordinary
"14,308",29,ordinary,ordinary
"14,310",29,top_10_15,outstanding
"14,320",29,ordinary,ordinary
"14,321",58,ordinary,ordinary
"14,326",29,ordinary,ordinary
"14,327",108,top_5,outstanding
"14,328",29,top_5_10,outstanding
"14,340",12,ordinary,ordinary
"14,342",58,ordinary,ordinary
"14,369",26,ordinary,ordinary
"14,374",29,top_5_10,outstanding
"14,377",91,top_5_10,outstanding
"14,386",85,top_5,outstanding
"14,401",29,ordinary,ordinary
"14,403",63,top_5_10,outstanding
"14,405",92,top_5,outstanding
"14,409",29,ordinary,ordinary
"14,410",27,ordinary,ordinary
"14,416",29,ordinary,ordinary
"14,418",26,ordinary,ordinary
"14,423",54,ordinary,ordinary
"14,448",132,top_5,outstanding
"14,464",27,top_10_15,outstanding
"14,476",58,ordinary,ordinary
"14,488",76,top_10_15,outstanding
"14,494",115,ordinary,ordinary
"14,517",29,ordinary,ordinary
"14,523",29,top_5_10,outstanding
"14,526",53,ordinary,ordinary
"14,528",16,top_5_10,outstanding
"14,529",272,top_5,outstanding
"14,530",10,top_5_10,outstanding
"14,533",202,top_5_10,outstanding
"14,538",28,ordinary,ordinary
"14,539",58,ordinary,ordinary
"14,541",29,ordinary,ordinary
"14,545",29,ordinary,ordinary
"14,563",29,ordinary,ordinary
"14,565",29,ordinary,ordinary
"14,573",58,ordinary,ordinary
"14,574",29,ordinary,ordinary
"14,576",609,top_5,outstanding
"14,577",56,top_5,outstanding
"14,586",29,ordinary,ordinary
"14,591",5,top_10_15,outstanding
"14,594",45,top_10_15,outstanding
"14,600",29,ordinary,ordinary
"14,604",439,top_5,outstanding
"14,622",84,ordinary,ordinary
"14,625",29,ordinary,ordinary
"14,627",58,ordinary,ordinary
"14,628",29,top_10_15,outstanding
"14,629",112,ordinary,ordinary
"14,635",26,ordinary,ordinary
"14,640",464,top_5,outstanding
"14,641",84,top_5,outstanding
"14,642",29,ordinary,ordinary
"14,646",150,top_5,outstanding
"14,650",29,ordinary,ordinary
"14,651",15,ordinary,ordinary
"14,661",42,ordinary,ordinary
"14,668",26,top_5_10,outstanding
"14,673",10,ordinary,ordinary
"14,687",55,top_5,outstanding
"14,689",24,top_10_15,outstanding
"14,697",28,ordinary,ordinary
"14,717",487,top_5,outstanding
"14,720",28,top_10_15,outstanding
"14,722",84,ordinary,ordinary
"14,730",76,top_5_10,outstanding
"14,739",106,top_10_15,outstanding
"14,777",299,top_5,outstanding
"14,778",28,ordinary,ordinary
"14,785",632,top_5,outstanding
"14,786",28,ordinary,ordinary
"14,790",56,ordinary,ordinary
"14,791",134,top_5_10,outstanding
"14,795",28,ordinary,ordinary
"14,805",52,top_5,outstanding
"14,807",151,top_5,outstanding
"14,810",28,ordinary,ordinary
"14,814",28,ordinary,ordinary
"14,826",28,ordinary,ordinary
"14,837",28,ordinary,ordinary
"14,838",28,ordinary,ordinary
"14,839",28,ordinary,ordinary
"14,844",14,ordinary,ordinary
"14,849",54,ordinary,ordinary
"14,850",28,ordinary,ordinary
"14,852",161,top_5,outstanding
"14,853",28,ordinary,ordinary
"14,866",28,ordinary,ordinary
"14,868",28,ordinary,ordinary
"14,869",28,ordinary,ordinary
"14,874",26,ordinary,ordinary
"14,879",968,top_5,outstanding
"14,881",74,ordinary,ordinary
"14,893",1,ordinary,ordinary
"14,897",10,top_5_10,outstanding
"14,901",26,ordinary,ordinary
"14,920",28,ordinary,ordinary
"14,950",20,top_5_10,outstanding
"14,955",27,ordinary,ordinary
"14,960",103,top_5,outstanding
"14,970",28,ordinary,ordinary
"14,986",16,top_5_10,outstanding
"14,995",27,top_5_10,outstanding
"14,996",28,ordinary,ordinary
"14,997",27,ordinary,ordinary
"14,998",23,ordinary,ordinary
"15,003",27,ordinary,ordinary
"15,005",75,top_5,outstanding
"15,006",27,ordinary,ordinary
"15,016",20,top_10_15,outstanding
"15,018",27,ordinary,ordinary
"15,025",27,ordinary,ordinary
"15,026",54,ordinary,ordinary
"15,028",159,top_5,outstanding
"15,029",193,top_5,outstanding
"15,034",27,ordinary,ordinary
"15,036",27,ordinary,ordinary
"15,041",22,ordinary,ordinary
"15,045",32,ordinary,ordinary
"15,055",27,ordinary,ordinary
"15,060",27,ordinary,ordinary
"15,061",54,top_10_15,outstanding
"15,073",27,ordinary,ordinary
"15,076",27,ordinary,ordinary
"15,079",27,ordinary,ordinary
"15,088",27,ordinary,ordinary
"15,092",52,ordinary,ordinary
"15,111",25,ordinary,ordinary
"15,117",27,ordinary,ordinary
"15,119",22,ordinary,ordinary
"15,120",54,top_5,outstanding
"15,130",203,top_5,outstanding
"15,145",79,top_10_15,outstanding
"15,148",27,ordinary,ordinary
"15,149",16,ordinary,ordinary
"15,165",14,top_5_10,outstanding
"15,166",27,ordinary,ordinary
"15,168",108,top_5_10,outstanding
"15,175",27,top_10_15,outstanding
"15,181",18,ordinary,ordinary
"15,185",26,ordinary,ordinary
"15,187",27,ordinary,ordinary
"15,190",54,ordinary,ordinary
"15,196",27,ordinary,ordinary
"15,201",27,top_5_10,outstanding
"15,203",31,ordinary,ordinary
"15,216",18,top_10_15,outstanding
"15,227",49,ordinary,ordinary
"15,237",13,ordinary,ordinary
"15,239",25,ordinary,ordinary
"15,240",26,ordinary,ordinary
"15,244",48,top_5,outstanding
"15,245",27,ordinary,ordinary
"15,250",27,ordinary,ordinary
"15,255",26,ordinary,ordinary
"15,257",27,ordinary,ordinary
"15,260",16,ordinary,ordinary
"15,270",17,ordinary,ordinary
"15,271",27,ordinary,ordinary
"15,277",27,ordinary,ordinary
"15,290",27,top_5_10,outstanding
"15,294",27,ordinary,ordinary
"15,298",25,ordinary,ordinary
"15,305",77,top_10_15,outstanding
"15,312",52,top_10_15,outstanding
"15,314",26,ordinary,ordinary
"15,315",78,ordinary,ordinary
"15,316",26,ordinary,ordinary
"15,317",26,ordinary,ordinary
"15,319",23,top_5_10,outstanding
"15,320",22,ordinary,ordinary
"15,322",26,ordinary,ordinary
"15,336",26,ordinary,ordinary
"15,338",26,top_10_15,outstanding
"15,339",52,ordinary,ordinary
"15,341",26,top_10_15,outstanding
"15,344",26,ordinary,ordinary
"15,345",26,ordinary,ordinary
"15,352",26,ordinary,ordinary
"15,353",26,ordinary,ordinary
"15,356",26,ordinary,ordinary
"15,357",33,ordinary,ordinary
"15,359",26,ordinary,ordinary
"15,361",78,top_10_15,outstanding
"15,363",26,ordinary,ordinary
"15,379",26,ordinary,ordinary
"15,381",26,ordinary,ordinary
"15,386",20,ordinary,ordinary
"15,390",26,ordinary,ordinary
"15,396",10,ordinary,ordinary
"15,401",26,ordinary,ordinary
"15,406",26,ordinary,ordinary
"15,408",86,top_5,outstanding
"15,412",52,top_10_15,outstanding
"15,417",19,ordinary,ordinary
"15,429",26,ordinary,ordinary
"15,444",26,ordinary,ordinary
"15,449",619,top_5,outstanding
"15,458",26,ordinary,ordinary
"15,463",26,ordinary,ordinary
"15,476",31,top_5_10,outstanding
"15,482",26,top_10_15,outstanding
"15,488",26,ordinary,ordinary
"15,492",26,ordinary,ordinary
"15,497",6,ordinary,ordinary
"15,501",52,ordinary,ordinary
"15,510",71,ordinary,ordinary
"15,527",26,ordinary,ordinary
"15,531",26,top_10_15,outstanding
"15,533",25,ordinary,ordinary
"15,538",52,ordinary,ordinary
"15,540",203,top_5,outstanding
"15,558",26,top_10_15,outstanding
"15,586",26,top_5_10,outstanding
"15,590",3,ordinary,ordinary
"15,591",26,ordinary,ordinary
"15,592",51,ordinary,ordinary
"15,596",357,top_5,outstanding
"15,598",26,ordinary,ordinary
"15,600",25,ordinary,ordinary
"15,617",41,ordinary,ordinary
"15,633",50,ordinary,ordinary
"15,639",25,ordinary,ordinary
"15,646",18,top_5_10,outstanding
"15,658",23,ordinary,ordinary
"15,666",25,top_5_10,outstanding
"15,667",25,ordinary,ordinary
"15,688",36,ordinary,ordinary
"15,702",50,ordinary,ordinary
"15,706",25,ordinary,ordinary
"15,708",25,ordinary,ordinary
"15,713",25,top_5_10,outstanding
"15,731",315,top_5,outstanding
"15,740",11,ordinary,ordinary
"15,754",25,ordinary,ordinary
"15,764",25,ordinary,ordinary
"15,767",25,ordinary,ordinary
"15,773",9,ordinary,ordinary
"15,779",25,ordinary,ordinary
"15,782",20,top_5_10,outstanding
"15,785",25,ordinary,ordinary
"15,788",25,ordinary,ordinary
"15,789",25,ordinary,ordinary
"15,791",13,top_5_10,outstanding
"15,797",24,top_10_15,outstanding
"15,801",24,top_5_10,outstanding
"15,802",25,ordinary,ordinary
"15,810",50,ordinary,ordinary
"15,822",50,top_5,outstanding
"15,828",25,ordinary,ordinary
"15,835",50,ordinary,ordinary
"15,854",25,ordinary,ordinary
"15,858",37,top_5_10,outstanding
"15,861",25,ordinary,ordinary
"15,874",30,ordinary,ordinary
"15,891",25,ordinary,ordinary
"15,892",72,ordinary,ordinary
"15,919",25,ordinary,ordinary
"15,921",25,ordinary,ordinary
"15,929",24,ordinary,ordinary
"15,932",25,ordinary,ordinary
"15,935",36,top_5,outstanding
"15,940",209,top_5,outstanding
"15,960",25,ordinary,ordinary
"15,964",75,top_5,outstanding
"15,974",17,ordinary,ordinary
"15,976",21,ordinary,ordinary
"15,977",44,ordinary,ordinary
"15,980",25,ordinary,ordinary
"15,983",14,ordinary,ordinary
"15,984",93,ordinary,ordinary
"15,995",54,ordinary,ordinary
"15,998",25,ordinary,ordinary
"15,999",55,top_5,outstanding
"16,008",25,ordinary,ordinary
"16,018",25,ordinary,ordinary
"16,022",25,top_10_15,outstanding
"16,029",24,ordinary,ordinary
"16,045",77,ordinary,ordinary
"16,049",97,top_5,outstanding
"16,070",24,ordinary,ordinary
"16,076",464,top_5,outstanding
"16,083",76,ordinary,ordinary
"16,114",72,ordinary,ordinary
"16,118",17,ordinary,ordinary
"16,136",10,ordinary,ordinary
"16,139",31,top_5_10,outstanding
"16,149",24,ordinary,ordinary
"16,154",15,top_5_10,outstanding
"16,171",48,ordinary,ordinary
"16,173",24,ordinary,ordinary
"16,180",24,ordinary,ordinary
"16,181",94,top_5_10,outstanding
"16,189",24,ordinary,ordinary
"16,194",24,ordinary,ordinary
"16,197",24,ordinary,ordinary
"16,199",20,ordinary,ordinary
"16,202",23,top_10_15,outstanding
"16,208",24,ordinary,ordinary
"16,215",15,ordinary,ordinary
"16,227",744,top_5,outstanding
"16,233",24,ordinary,ordinary
"16,235",24,ordinary,ordinary
"16,242",133,top_5,outstanding
"16,258",24,ordinary,ordinary
"16,267",14,top_10_15,outstanding
"16,280",24,ordinary,ordinary
"16,291",24,top_5_10,outstanding
"16,307",24,ordinary,ordinary
"16,312",24,ordinary,ordinary
"16,319",20,top_10_15,outstanding
"16,336",23,top_5_10,outstanding
"16,351",24,ordinary,ordinary
"16,352",24,ordinary,ordinary
"16,356",24,ordinary,ordinary
"16,357",5,top_10_15,outstanding
"16,362",24,ordinary,ordinary
"16,371",24,ordinary,ordinary
"16,372",24,ordinary,ordinary
"16,388",17,ordinary,ordinary
"16,390",24,ordinary,ordinary
"16,394",494,top_5,outstanding
"16,398",24,ordinary,ordinary
"16,401",24,ordinary,ordinary
"16,408",92,top_5_10,outstanding
"16,418",22,ordinary,ordinary
"16,422",24,top_5_10,outstanding
"16,429",24,top_5_10,outstanding
"16,437",33,top_10_15,outstanding
"16,440",46,top_5_10,outstanding
"16,447",23,ordinary,ordinary
"16,455",24,ordinary,ordinary
"16,457",14,ordinary,ordinary
"16,461",35,ordinary,ordinary
"16,485",23,ordinary,ordinary
"16,491",23,ordinary,ordinary
"16,494",16,ordinary,ordinary
"16,496",23,ordinary,ordinary
"16,498",18,top_10_15,outstanding
"16,501",95,top_5_10,outstanding
"16,503",29,top_10_15,outstanding
"16,504",46,ordinary,ordinary
"16,510",23,top_10_15,outstanding
"16,512",22,ordinary,ordinary
"16,515",45,ordinary,ordinary
"16,529",23,ordinary,ordinary
"16,536",51,top_5_10,outstanding
"16,547",14,ordinary,ordinary
"16,564",23,ordinary,ordinary
"16,570",23,ordinary,ordinary
"16,582",9,ordinary,ordinary
"16,583",86,top_5_10,outstanding
"16,600",23,ordinary,ordinary
"16,604",23,ordinary,ordinary
"16,635",23,ordinary,ordinary
"16,652",91,ordinary,ordinary
"16,655",13,top_5_10,outstanding
"16,676",122,top_5,outstanding
"16,682",23,ordinary,ordinary
"16,683",174,top_5_10,outstanding
"16,689",23,ordinary,ordinary
"16,697",23,ordinary,ordinary
"16,707",44,ordinary,ordinary
"16,718",23,ordinary,ordinary
"16,723",36,top_10_15,outstanding
"16,729",22,ordinary,ordinary
"16,736",23,ordinary,ordinary
"16,742",23,ordinary,ordinary
"16,753",20,ordinary,ordinary
"16,757",15,ordinary,ordinary
"16,778",6,ordinary,ordinary
"16,783",23,top_5_10,outstanding
"16,785",46,ordinary,ordinary
"16,796",92,top_10_15,outstanding
"16,806",15,top_5,outstanding
"16,812",23,ordinary,ordinary
"16,814",23,ordinary,ordinary
"16,826",44,top_5_10,outstanding
"16,827",10,top_5,outstanding
"16,834",55,ordinary,ordinary
"16,854",22,ordinary,ordinary
"16,855",20,ordinary,ordinary
"16,862",40,top_10_15,outstanding
"16,863",20,ordinary,ordinary
"16,864",23,ordinary,ordinary
"16,872",41,ordinary,ordinary
"16,873",22,ordinary,ordinary
"16,874",80,ordinary,ordinary
"16,877",63,ordinary,ordinary
"16,881",22,ordinary,ordinary
"16,892",21,ordinary,ordinary
"16,900",22,ordinary,ordinary
"16,904",14,top_10_15,outstanding
"16,921",8,ordinary,ordinary
"16,928",22,ordinary,ordinary
"16,930",22,ordinary,ordinary
"16,936",12,top_10_15,outstanding
"16,941",22,ordinary,ordinary
"16,942",44,ordinary,ordinary
"16,951",2,ordinary,ordinary
"16,952",22,ordinary,ordinary
"16,953",44,ordinary,ordinary
"16,959",22,ordinary,ordinary
"16,967",206,top_5,outstanding
"16,977",15,ordinary,ordinary
"16,999",22,ordinary,ordinary
"17,034",22,ordinary,ordinary
"17,035",41,top_5_10,outstanding
"17,053",22,ordinary,ordinary
"17,058",34,ordinary,ordinary
"17,067",22,ordinary,ordinary
"17,077",40,ordinary,ordinary
"17,083",22,ordinary,ordinary
"17,102",22,ordinary,ordinary
"17,105",20,top_10_15,outstanding
"17,107",25,top_5,outstanding
"17,136",11,ordinary,ordinary
"17,137",77,top_5_10,outstanding
"17,153",32,ordinary,ordinary
"17,154",259,top_5,outstanding
"17,159",22,ordinary,ordinary
"17,160",44,top_10_15,outstanding
"17,170",22,ordinary,ordinary
"17,172",38,top_10_15,outstanding
"17,174",22,ordinary,ordinary
"17,188",40,top_5_10,outstanding
"17,189",124,top_5,outstanding
"17,194",79,top_5_10,outstanding
"17,207",22,ordinary,ordinary
"17,209",75,ordinary,ordinary
"17,211",22,ordinary,ordinary
"17,243",22,ordinary,ordinary
"17,252",22,ordinary,ordinary
"17,292",42,ordinary,ordinary
"17,305",21,ordinary,ordinary
"17,317",21,ordinary,ordinary
"17,320",138,top_5,outstanding
"17,324",21,ordinary,ordinary
"17,334",21,ordinary,ordinary
"17,339",438,top_5,outstanding
"17,354",42,ordinary,ordinary
"17,356",11,ordinary,ordinary
"17,360",21,ordinary,ordinary
"17,361",20,top_5_10,outstanding
"17,362",19,ordinary,ordinary
"17,364",21,ordinary,ordinary
"17,375",21,ordinary,ordinary
"17,384",21,ordinary,ordinary
"17,385",126,top_5_10,outstanding
"17,463",21,ordinary,ordinary
"17,466",21,ordinary,ordinary
"17,470",21,ordinary,ordinary
"17,472",479,top_5,outstanding
"17,478",21,ordinary,ordinary
"17,493",39,top_5_10,outstanding
"17,494",21,ordinary,ordinary
"17,495",42,ordinary,ordinary
"17,496",21,ordinary,ordinary
"17,507",21,ordinary,ordinary
"17,509",21,ordinary,ordinary
"17,529",21,top_5_10,outstanding
"17,536",20,ordinary,ordinary
"17,554",21,ordinary,ordinary
"17,557",63,ordinary,ordinary
"17,558",21,ordinary,ordinary
"17,560",21,ordinary,ordinary
"17,573",54,ordinary,ordinary
"17,575",16,ordinary,ordinary
"17,577",41,ordinary,ordinary
"17,581",63,ordinary,ordinary
"17,583",40,top_10_15,outstanding
"17,588",46,ordinary,ordinary
"17,590",200,top_5,outstanding
"17,595",13,ordinary,ordinary
"17,597",21,ordinary,ordinary
"17,607",59,top_5_10,outstanding
"17,620",196,top_5,outstanding
"17,621",21,ordinary,ordinary
"17,629",10,ordinary,ordinary
"17,634",61,top_5_10,outstanding
"17,638",21,ordinary,ordinary
"17,640",279,top_5,outstanding
"17,652",315,top_5,outstanding
"17,653",21,ordinary,ordinary
"17,664",197,top_5,outstanding
"17,671",39,ordinary,ordinary
"17,677",20,ordinary,ordinary
"17,678",16,ordinary,ordinary
"17,681",21,ordinary,ordinary
"17,685",21,ordinary,ordinary
"17,695",11,ordinary,ordinary
"17,705",21,ordinary,ordinary
"17,707",40,ordinary,ordinary
"17,711",20,ordinary,ordinary
"17,717",34,ordinary,ordinary
"17,720",14,ordinary,ordinary
"17,729",19,ordinary,ordinary
"17,732",54,top_5,outstanding
"17,737",19,ordinary,ordinary
"17,748",20,ordinary,ordinary
"17,758",129,top_5,outstanding
"17,762",17,ordinary,ordinary
"17,767",6,top_5_10,outstanding
"17,769",5,ordinary,ordinary
"17,771",20,ordinary,ordinary
"17,777",20,ordinary,ordinary
"17,779",71,top_5_10,outstanding
"17,787",60,top_5_10,outstanding
"17,790",20,ordinary,ordinary
"17,805",20,ordinary,ordinary
"17,813",20,ordinary,ordinary
"17,818",20,ordinary,ordinary
"17,819",35,ordinary,ordinary
"17,823",28,top_10_15,outstanding
"17,831",20,ordinary,ordinary
"17,833",80,ordinary,ordinary
"17,840",40,ordinary,ordinary
"17,844",20,ordinary,ordinary
"17,850",19,ordinary,ordinary
"17,858",14,ordinary,ordinary
"17,861",20,ordinary,ordinary
"17,869",20,ordinary,ordinary
"17,873",20,ordinary,ordinary
"17,875",40,top_5,outstanding
"17,883",84,ordinary,ordinary
"17,884",40,ordinary,ordinary
"17,888",20,ordinary,ordinary
"17,892",32,ordinary,ordinary
"17,896",70,top_5,outstanding
"17,899",20,ordinary,ordinary
"17,913",56,ordinary,ordinary
"17,917",20,ordinary,ordinary
"17,922",20,ordinary,ordinary
"17,924",26,ordinary,ordinary
"17,932",78,top_5_10,outstanding
"17,933",19,ordinary,ordinary
"17,934",59,ordinary,ordinary
"17,944",20,ordinary,ordinary
"17,946",20,ordinary,ordinary
"17,951",20,top_5_10,outstanding
"17,957",40,ordinary,ordinary
"17,964",20,ordinary,ordinary
"17,966",13,ordinary,ordinary
"17,981",20,ordinary,ordinary
"17,983",20,ordinary,ordinary
"18,005",20,top_5_10,outstanding
"18,008",20,top_5,outstanding
"18,016",20,top_10_15,outstanding
"18,029",20,ordinary,ordinary
"18,040",21,ordinary,ordinary
"18,068",20,ordinary,ordinary
"18,079",20,ordinary,ordinary
"18,086",15,ordinary,ordinary
"18,096",20,ordinary,ordinary
"18,100",20,ordinary,ordinary
"18,119",19,ordinary,ordinary
"18,123",20,ordinary,ordinary
"18,126",20,ordinary,ordinary
"18,133",20,ordinary,ordinary
"18,135",17,top_10_15,outstanding
"18,137",20,top_10_15,outstanding
"18,138",25,top_10_15,outstanding
"18,143",20,ordinary,ordinary
"18,159",20,ordinary,ordinary
"18,160",20,ordinary,ordinary
"18,173",20,ordinary,ordinary
"18,174",5,ordinary,ordinary
"18,179",18,ordinary,ordinary
"18,184",20,ordinary,ordinary
"18,188",20,ordinary,ordinary
"18,194",36,ordinary,ordinary
"18,203",15,top_10_15,outstanding
"18,209",20,ordinary,ordinary
"18,237",9,ordinary,ordinary
"18,244",19,ordinary,ordinary
"18,251",19,ordinary,ordinary
"18,259",16,ordinary,ordinary
"18,269",19,ordinary,ordinary
"18,283",19,ordinary,ordinary
"18,287",19,ordinary,ordinary
"18,288",19,top_10_15,outstanding
"18,292",19,ordinary,ordinary
"18,293",7,top_5,outstanding
"18,296",18,ordinary,ordinary
"18,298",19,ordinary,ordinary
"18,306",19,ordinary,ordinary
"18,311",19,ordinary,ordinary
"18,313",17,ordinary,ordinary
"18,325",60,ordinary,ordinary
"18,333",38,ordinary,ordinary
"18,336",353,top_5,outstanding
"18,339",3,ordinary,ordinary
"18,343",28,ordinary,ordinary
"18,374",56,top_5,outstanding
"18,378",19,ordinary,ordinary
"18,392",19,ordinary,ordinary
"18,400",13,ordinary,ordinary
"18,408",19,ordinary,ordinary
"18,415",19,ordinary,ordinary
"18,417",2,ordinary,ordinary
"18,422",76,top_5,outstanding
"18,428",38,ordinary,ordinary
"18,448",10,ordinary,ordinary
"18,449",19,ordinary,ordinary
"18,454",3,top_5_10,outstanding
"18,459",5,ordinary,ordinary
"18,464",8,ordinary,ordinary
"18,474",16,ordinary,ordinary
"18,475",88,top_5,outstanding
"18,477",19,top_5_10,outstanding
"18,494",34,ordinary,ordinary
"18,521",31,ordinary,ordinary
"18,527",19,ordinary,ordinary
"18,531",47,top_10_15,outstanding
"18,536",19,ordinary,ordinary
"18,541",18,ordinary,ordinary
"18,545",19,ordinary,ordinary
"18,566",187,top_5,outstanding
"18,568",18,ordinary,ordinary
"18,581",19,ordinary,ordinary
"18,582",19,ordinary,ordinary
"18,592",3,ordinary,ordinary
"18,608",16,top_10_15,outstanding
"18,632",18,ordinary,ordinary
"18,635",36,ordinary,ordinary
"18,643",38,top_5,outstanding
"18,669",18,ordinary,ordinary
"18,694",18,ordinary,ordinary
"18,718",17,ordinary,ordinary
"18,740",12,top_10_15,outstanding
"18,751",6,ordinary,ordinary
"18,754",36,ordinary,ordinary
"18,768",16,ordinary,ordinary
"18,798",33,ordinary,ordinary
"18,825",18,ordinary,ordinary
"18,835",16,ordinary,ordinary
"18,842",18,ordinary,ordinary
"18,845",18,ordinary,ordinary
"18,847",18,ordinary,ordinary
"18,848",18,ordinary,ordinary
"18,855",35,top_10_15,outstanding
"18,871",26,top_5,outstanding
"18,878",64,top_5_10,outstanding
"18,888",12,ordinary,ordinary
"18,889",18,ordinary,ordinary
"18,897",36,ordinary,ordinary
"18,898",210,top_5,outstanding
"18,901",18,ordinary,ordinary
"18,902",18,ordinary,ordinary
"18,905",18,ordinary,ordinary
"18,913",18,ordinary,ordinary
"18,937",71,top_5_10,outstanding
"18,938",56,top_5_10,outstanding
"18,939",18,ordinary,ordinary
"18,941",36,ordinary,ordinary
"18,943",49,top_10_15,outstanding
"18,947",18,ordinary,ordinary
"18,957",18,ordinary,ordinary
"18,977",18,ordinary,ordinary
"18,979",47,top_10_15,outstanding
"18,987",35,ordinary,ordinary
"19,009",17,ordinary,ordinary
"19,039",17,ordinary,ordinary
"19,048",4,ordinary,ordinary
"19,049",17,ordinary,ordinary
"19,061",17,ordinary,ordinary
"19,063",34,top_10_15,outstanding
"19,065",17,ordinary,ordinary
"19,067",5,ordinary,ordinary
"19,083",17,ordinary,ordinary
"19,102",17,ordinary,ordinary
"19,130",34,ordinary,ordinary
"19,133",22,ordinary,ordinary
"19,158",80,top_5,outstanding
"19,164",3,ordinary,ordinary
"19,180",17,ordinary,ordinary
"19,184",33,ordinary,ordinary
"19,196",45,top_5_10,outstanding
"19,198",17,ordinary,ordinary
"19,205",17,ordinary,ordinary
"19,230",17,ordinary,ordinary
"19,248",17,ordinary,ordinary
"19,257",51,top_5_10,outstanding
"19,272",17,ordinary,ordinary
"19,280",17,ordinary,ordinary
"19,299",3,top_10_15,outstanding
"19,312",26,ordinary,ordinary
"19,317",128,top_5,outstanding
"19,340",34,ordinary,ordinary
"19,349",28,top_5_10,outstanding
"19,350",17,ordinary,ordinary
"19,360",18,top_5_10,outstanding
"19,363",17,ordinary,ordinary
"19,392",11,top_10_15,outstanding
"19,405",9,ordinary,ordinary
"19,406",15,ordinary,ordinary
"19,415",17,ordinary,ordinary
"19,422",32,top_10_15,outstanding
"19,427",17,ordinary,ordinary
"19,446",29,ordinary,ordinary
"19,484",187,top_5,outstanding
"19,496",17,ordinary,ordinary
"19,499",14,ordinary,ordinary
"19,500",570,top_5,outstanding
"19,511",8,ordinary,ordinary
"19,520",32,top_10_15,outstanding
"19,521",17,ordinary,ordinary
"19,526",17,ordinary,ordinary
"19,530",16,ordinary,ordinary
"19,559",30,top_10_15,outstanding
"19,570",16,ordinary,ordinary
"19,599",16,ordinary,ordinary
"19,613",5,ordinary,ordinary
"19,628",26,ordinary,ordinary
"19,635",63,ordinary,ordinary
"19,645",32,ordinary,ordinary
"19,656",16,ordinary,ordinary
"19,668",16,ordinary,ordinary
"19,669",16,ordinary,ordinary
"19,675",16,ordinary,ordinary
"19,683",5,ordinary,ordinary
"19,686",16,ordinary,ordinary
"19,687",16,ordinary,ordinary
"19,693",16,ordinary,ordinary
"19,710",44,ordinary,ordinary
"19,717",16,ordinary,ordinary
"19,724",48,top_5,outstanding
"19,725",16,ordinary,ordinary
"19,731",44,top_5,outstanding
"19,735",32,ordinary,ordinary
"19,737",16,ordinary,ordinary
"19,748",16,ordinary,ordinary
"19,754",53,top_5,outstanding
"19,761",16,ordinary,ordinary
"19,773",16,top_5,outstanding
"19,782",16,ordinary,ordinary
"19,793",16,ordinary,ordinary
"19,795",46,top_5_10,outstanding
"19,822",16,ordinary,ordinary
"19,825",16,ordinary,ordinary
"19,826",16,ordinary,ordinary
"19,835",48,ordinary,ordinary
"19,853",28,ordinary,ordinary
"19,857",16,ordinary,ordinary
"19,859",59,ordinary,ordinary
"19,865",14,ordinary,ordinary
"19,869",31,ordinary,ordinary
"19,870",32,ordinary,ordinary
"19,874",1,ordinary,ordinary
"19,876",16,ordinary,ordinary
"19,894",48,top_5_10,outstanding
"19,907",15,top_5_10,outstanding
"19,912",132,top_5,outstanding
"19,913",32,ordinary,ordinary
"19,921",16,ordinary,ordinary
"19,938",16,ordinary,ordinary
"19,940",16,ordinary,ordinary
"19,963",16,ordinary,ordinary
"19,968",15,ordinary,ordinary
"19,969",28,top_5_10,outstanding
"19,975",16,ordinary,ordinary
"19,976",16,top_10_15,outstanding
"19,989",16,ordinary,ordinary
"20,016",12,ordinary,ordinary
"20,022",15,ordinary,ordinary
"20,055",11,ordinary,ordinary
"20,074",43,top_5,outstanding
"20,081",81,top_5,outstanding
"20,088",201,top_5,outstanding
"20,092",13,ordinary,ordinary
"20,107",30,ordinary,ordinary
"20,121",15,ordinary,ordinary
"20,136",218,top_5,outstanding
"20,140",7,top_5_10,outstanding
"20,144",15,ordinary,ordinary
"20,169",9,top_10_15,outstanding
"20,186",30,ordinary,ordinary
"20,221",8,ordinary,ordinary
"20,237",44,top_10_15,outstanding
"20,244",15,ordinary,ordinary
"20,284",3,top_5,outstanding
"20,316",29,ordinary,ordinary
"20,319",45,ordinary,ordinary
"20,337",33,ordinary,ordinary
"20,349",51,top_5_10,outstanding
"20,382",44,ordinary,ordinary
"20,385",30,top_10_15,outstanding
"20,389",28,top_10_15,outstanding
"20,391",14,ordinary,ordinary
"20,399",15,ordinary,ordinary
"20,405",15,ordinary,ordinary
"20,409",10,ordinary,ordinary
"20,416",17,ordinary,ordinary
"20,418",36,ordinary,ordinary
"20,453",15,ordinary,ordinary
"20,454",15,ordinary,ordinary
"20,506",15,ordinary,ordinary
"20,514",33,top_10_15,outstanding
"20,526",28,ordinary,ordinary
"20,531",42,ordinary,ordinary
"20,549",14,ordinary,ordinary
"20,561",24,ordinary,ordinary
"20,569",14,ordinary,ordinary
"20,570",14,ordinary,ordinary
"20,580",14,ordinary,ordinary
"20,587",117,top_5,outstanding
"20,590",14,ordinary,ordinary
"20,592",14,ordinary,ordinary
"20,596",14,ordinary,ordinary
"20,599",14,ordinary,ordinary
"20,602",17,ordinary,ordinary
"20,608",38,top_5,outstanding
"20,625",28,ordinary,ordinary
"20,626",28,ordinary,ordinary
"20,635",14,ordinary,ordinary
"20,642",14,top_10_15,outstanding
"20,643",14,ordinary,ordinary
"20,647",14,ordinary,ordinary
"20,649",14,ordinary,ordinary
"20,666",28,ordinary,ordinary
"20,676",14,ordinary,ordinary
"20,677",13,top_10_15,outstanding
"20,693",14,ordinary,ordinary
"20,705",14,ordinary,ordinary
"20,706",14,ordinary,ordinary
"20,719",14,ordinary,ordinary
"20,727",12,ordinary,ordinary
"20,735",14,ordinary,ordinary
"20,737",40,ordinary,ordinary
"20,738",14,ordinary,ordinary
"20,740",6,ordinary,ordinary
"20,746",14,ordinary,ordinary
"20,748",14,ordinary,ordinary
"20,750",14,ordinary,ordinary
"20,754",8,ordinary,ordinary
"20,758",14,ordinary,ordinary
"20,766",14,ordinary,ordinary
"20,776",14,ordinary,ordinary
"20,783",14,ordinary,ordinary
"20,792",27,ordinary,ordinary
"20,795",11,ordinary,ordinary
"20,814",2,ordinary,ordinary
"20,816",14,ordinary,ordinary
"20,833",13,ordinary,ordinary
"20,848",14,ordinary,ordinary
"20,871",14,ordinary,ordinary
"20,882",14,ordinary,ordinary
"20,883",29,top_5_10,outstanding
"20,884",14,ordinary,ordinary
"20,890",14,ordinary,ordinary
"20,914",18,top_10_15,outstanding
"20,926",25,ordinary,ordinary
"20,941",2,ordinary,ordinary
"20,952",26,ordinary,ordinary
"20,954",13,ordinary,ordinary
"20,965",7,top_5_10,outstanding
"20,972",13,ordinary,ordinary
"20,998",13,ordinary,ordinary
"21,000",13,ordinary,ordinary
"21,009",37,ordinary,ordinary
"21,010",12,ordinary,ordinary
"21,011",13,ordinary,ordinary
"21,028",13,ordinary,ordinary
"21,049",39,top_5_10,outstanding
"21,058",26,ordinary,ordinary
"21,073",219,top_5,outstanding
"21,114",27,ordinary,ordinary
"21,120",13,ordinary,ordinary
"21,134",31,top_10_15,outstanding
"21,142",13,ordinary,ordinary
"21,148",37,top_10_15,outstanding
"21,152",26,ordinary,ordinary
"21,160",13,ordinary,ordinary
"21,164",13,ordinary,ordinary
"21,174",13,ordinary,ordinary
"21,210",50,ordinary,ordinary
"21,213",13,ordinary,ordinary
"21,255",13,ordinary,ordinary
"21,258",13,ordinary,ordinary
"21,270",13,ordinary,ordinary
"21,272",13,ordinary,ordinary
"21,295",21,ordinary,ordinary
"21,296",13,ordinary,ordinary
"21,307",26,ordinary,ordinary
"21,318",13,top_5_10,outstanding
"21,332",12,ordinary,ordinary
"21,339",13,ordinary,ordinary
"21,354",13,ordinary,ordinary
"21,361",13,ordinary,ordinary
"21,365",13,ordinary,ordinary
"21,379",12,ordinary,ordinary
"21,399",12,ordinary,ordinary
"21,413",12,ordinary,ordinary
"21,417",2,ordinary,ordinary
"21,420",24,ordinary,ordinary
"21,426",12,ordinary,ordinary
"21,444",12,ordinary,ordinary
"21,449",12,ordinary,ordinary
"21,458",5,ordinary,ordinary
"21,472",12,ordinary,ordinary
"21,474",8,top_10_15,outstanding
"21,479",12,ordinary,ordinary
"21,498",9,top_10_15,outstanding
"21,511",12,ordinary,ordinary
"21,513",12,ordinary,ordinary
"21,522",24,ordinary,ordinary
"21,524",48,top_5,outstanding
"21,533",12,ordinary,ordinary
"21,553",12,ordinary,ordinary
"21,560",28,top_5,outstanding
"21,570",7,top_5_10,outstanding
"21,586",12,ordinary,ordinary
"21,589",24,ordinary,ordinary
"21,592",52,top_5,outstanding
"21,596",24,ordinary,ordinary
"21,607",12,ordinary,ordinary
"21,610",12,ordinary,ordinary
"21,612",91,top_5,outstanding
"21,615",20,top_5,outstanding
"21,626",41,top_5,outstanding
"21,630",22,ordinary,ordinary
"21,638",11,ordinary,ordinary
"21,640",12,ordinary,ordinary
"21,655",24,ordinary,ordinary
"21,677",26,top_5_10,outstanding
"21,680",34,top_5_10,outstanding
"21,692",19,top_5_10,outstanding
"21,695",12,ordinary,ordinary
"21,704",76,top_5,outstanding
"21,721",23,ordinary,ordinary
"21,727",9,ordinary,ordinary
"21,729",12,ordinary,ordinary
"21,732",12,ordinary,ordinary
"21,737",12,ordinary,ordinary
"21,742",12,ordinary,ordinary
"21,749",24,ordinary,ordinary
"21,752",12,ordinary,ordinary
"21,753",10,ordinary,ordinary
"21,755",20,ordinary,ordinary
"21,776",12,ordinary,ordinary
"21,789",11,ordinary,ordinary
"21,794",11,ordinary,ordinary
"21,803",11,ordinary,ordinary
"21,809",10,ordinary,ordinary
"21,813",22,ordinary,ordinary
"21,814",22,ordinary,ordinary
"21,819",11,ordinary,ordinary
"21,831",11,ordinary,ordinary
"21,842",11,ordinary,ordinary
"21,849",22,ordinary,ordinary
"21,882",11,ordinary,ordinary
"21,886",22,ordinary,ordinary
"21,893",11,ordinary,ordinary
"21,919",11,ordinary,ordinary
"21,922",22,ordinary,ordinary
"21,930",11,ordinary,ordinary
"21,937",19,ordinary,ordinary
"21,948",11,ordinary,ordinary
"21,964",22,ordinary,ordinary
"21,965",11,ordinary,ordinary
"21,977",21,ordinary,ordinary
"21,983",11,ordinary,ordinary
"21,987",25,top_5,outstanding
"21,993",6,ordinary,ordinary
"22,010",22,ordinary,ordinary
"22,023",263,top_5,outstanding
"22,025",11,ordinary,ordinary
"22,027",11,ordinary,ordinary
"22,037",11,ordinary,ordinary
"22,039",6,ordinary,ordinary
"22,073",11,ordinary,ordinary
"22,084",32,top_5_10,outstanding
"22,090",11,ordinary,ordinary
"22,113",11,ordinary,ordinary
"22,114",22,ordinary,ordinary
"22,118",10,top_5_10,outstanding
"22,128",22,ordinary,ordinary
"22,147",11,ordinary,ordinary
"22,150",28,ordinary,ordinary
"22,151",14,ordinary,ordinary
"22,164",11,ordinary,ordinary
"22,175",22,ordinary,ordinary
"22,200",11,ordinary,ordinary
"22,207",7,top_5_10,outstanding
"22,208",11,ordinary,ordinary
"22,212",11,ordinary,ordinary
"22,213",11,ordinary,ordinary
"22,218",11,ordinary,ordinary
"22,219",3,top_5_10,outstanding
"22,229",40,top_5_10,outstanding
"22,230",11,ordinary,ordinary
"22,235",11,ordinary,ordinary
"22,238",22,ordinary,ordinary
"22,241",11,ordinary,ordinary
"22,253",7,ordinary,ordinary
"22,259",11,ordinary,ordinary
"22,264",12,ordinary,ordinary
"22,266",11,ordinary,ordinary
"22,268",11,ordinary,ordinary
"22,275",11,ordinary,ordinary
"22,276",30,top_5_10,outstanding
"22,278",10,top_5_10,outstanding
"22,292",13,top_10_15,outstanding
"22,298",10,ordinary,ordinary
"22,300",12,ordinary,ordinary
"22,332",20,ordinary,ordinary
"22,374",10,ordinary,ordinary
"22,379",18,ordinary,ordinary
"22,381",10,ordinary,ordinary
"22,391",10,ordinary,ordinary
"22,403",7,ordinary,ordinary
"22,415",8,ordinary,ordinary
"22,441",10,ordinary,ordinary
"22,448",10,ordinary,ordinary
"22,451",10,ordinary,ordinary
"22,460",20,ordinary,ordinary
"22,474",18,ordinary,ordinary
"22,475",10,ordinary,ordinary
"22,482",10,ordinary,ordinary
"22,485",10,ordinary,ordinary
"22,489",9,ordinary,ordinary
"22,506",6,ordinary,ordinary
"22,508",10,ordinary,ordinary
"22,515",20,ordinary,ordinary
"22,516",10,ordinary,ordinary
"22,518",8,ordinary,ordinary
"22,528",10,ordinary,ordinary
"22,529",10,ordinary,ordinary
"22,531",10,ordinary,ordinary
"22,538",10,ordinary,ordinary
"22,551",10,ordinary,ordinary
"22,555",10,ordinary,ordinary
"22,561",10,ordinary,ordinary
"22,595",20,ordinary,ordinary
"22,599",10,ordinary,ordinary
"22,600",10,top_5_10,outstanding
"22,617",10,ordinary,ordinary
"22,625",10,ordinary,ordinary
"22,627",10,ordinary,ordinary
"22,639",10,top_10_15,outstanding
"22,646",18,ordinary,ordinary
"22,671",10,top_5_10,outstanding
"22,685",19,top_10_15,outstanding
"22,686",7,top_5_10,outstanding
"22,695",9,ordinary,ordinary
"22,701",3,top_5,outstanding
"22,721",9,ordinary,ordinary
"22,731",150,top_5,outstanding
"22,740",13,ordinary,ordinary
"22,743",24,ordinary,ordinary
"22,747",9,ordinary,ordinary
"22,755",9,ordinary,ordinary
"22,760",9,ordinary,ordinary
"22,761",16,top_5_10,outstanding
"22,784",9,ordinary,ordinary
"22,791",18,ordinary,ordinary
"22,794",9,ordinary,ordinary
"22,795",27,top_5,outstanding
"22,797",9,ordinary,ordinary
"22,802",9,ordinary,ordinary
"22,805",9,ordinary,ordinary
"22,813",9,ordinary,ordinary
"22,839",9,ordinary,ordinary
"22,860",9,ordinary,ordinary
"22,869",9,ordinary,ordinary
"22,873",9,ordinary,ordinary
"22,874",9,ordinary,ordinary
"22,897",9,ordinary,ordinary
"22,902",15,top_5_10,outstanding
"22,928",17,top_10_15,outstanding
"22,929",18,top_5,outstanding
"22,934",18,ordinary,ordinary
"22,938",23,ordinary,ordinary
"22,962",18,ordinary,ordinary
"22,985",9,top_10_15,outstanding
"22,992",9,ordinary,ordinary
"22,994",3,top_5_10,outstanding
"22,996",18,ordinary,ordinary
"23,009",9,ordinary,ordinary
"23,018",9,ordinary,ordinary
"23,023",49,top_5,outstanding
"23,033",24,top_10_15,outstanding
"23,035",9,ordinary,ordinary
"23,041",1,ordinary,ordinary
"23,044",15,top_5_10,outstanding
"23,045",4,top_5,outstanding
"23,059",9,ordinary,ordinary
"23,064",7,ordinary,ordinary
"23,079",9,ordinary,ordinary
"23,082",16,top_5_10,outstanding
"23,089",9,ordinary,ordinary
"23,092",9,ordinary,ordinary
"23,098",4,ordinary,ordinary
"23,106",297,top_5,outstanding
"23,110",9,ordinary,ordinary
"23,124",9,ordinary,ordinary
"23,126",9,ordinary,ordinary
"23,127",14,ordinary,ordinary
"23,129",8,ordinary,ordinary
"23,133",33,ordinary,ordinary
"23,138",9,ordinary,ordinary
"23,148",8,ordinary,ordinary
"23,153",8,ordinary,ordinary
"23,155",8,ordinary,ordinary
"23,156",9,ordinary,ordinary
"23,177",8,ordinary,ordinary
"23,185",3,ordinary,ordinary
"23,214",9,ordinary,ordinary
"23,224",5,top_10_15,outstanding
"23,241",9,top_5_10,outstanding
"23,254",2,ordinary,ordinary
"23,267",8,top_10_15,outstanding
"23,304",8,ordinary,ordinary
"23,359",16,ordinary,ordinary
"23,373",8,ordinary,ordinary
"23,409",8,ordinary,ordinary
"23,410",16,ordinary,ordinary
"23,423",16,ordinary,ordinary
"23,436",8,top_10_15,outstanding
"23,446",2,ordinary,ordinary
"23,476",6,ordinary,ordinary
"23,504",6,ordinary,ordinary
"23,517",7,ordinary,ordinary
"23,522",8,ordinary,ordinary
"23,525",16,ordinary,ordinary
"23,531",8,ordinary,ordinary
"23,550",8,ordinary,ordinary
"23,583",7,ordinary,ordinary
"23,592",24,ordinary,ordinary
"23,650",4,top_5_10,outstanding
"23,667",28,top_5,outstanding
"23,711",16,top_5_10,outstanding
"23,713",13,top_5,outstanding
"23,732",7,ordinary,ordinary
"23,742",8,ordinary,ordinary
"23,769",8,ordinary,ordinary
"23,770",7,ordinary,ordinary
"23,775",31,top_5,outstanding
"23,816",8,ordinary,ordinary
"23,826",8,ordinary,ordinary
"23,835",16,ordinary,ordinary
"23,837",8,ordinary,ordinary
"23,877",96,top_5,outstanding
"23,890",8,ordinary,ordinary
"23,904",7,ordinary,ordinary
"23,922",7,ordinary,ordinary
"23,950",14,top_5,outstanding
"23,953",7,ordinary,ordinary
"23,962",5,top_10_15,outstanding
"23,974",7,ordinary,ordinary
"24,000",7,ordinary,ordinary
"24,002",7,ordinary,ordinary
"24,020",12,ordinary,ordinary
"24,030",5,ordinary,ordinary
"24,033",7,ordinary,ordinary
"24,048",7,ordinary,ordinary
"24,064",7,ordinary,ordinary
"24,096",7,ordinary,ordinary
"24,106",6,ordinary,ordinary
"24,117",10,ordinary,ordinary
"24,136",7,ordinary,ordinary
"24,146",7,ordinary,ordinary
"24,172",18,top_5,outstanding
"24,220",7,ordinary,ordinary
"24,225",7,top_10_15,outstanding
"24,231",7,ordinary,ordinary
"24,247",7,ordinary,ordinary
"24,266",7,ordinary,ordinary
"24,271",7,ordinary,ordinary
"24,281",14,ordinary,ordinary
"24,299",21,ordinary,ordinary
"24,317",6,ordinary,ordinary
"24,380",7,ordinary,ordinary
"24,404",7,ordinary,ordinary
"24,407",18,top_5_10,outstanding
"24,410",3,top_5_10,outstanding
"24,426",7,top_5_10,outstanding
"24,461",6,ordinary,ordinary
"24,468",4,ordinary,ordinary
"24,495",6,ordinary,ordinary
"24,509",5,ordinary,ordinary
"24,515",6,ordinary,ordinary
"24,575",12,ordinary,ordinary
"24,579",18,top_5,outstanding
"24,588",18,ordinary,ordinary
"24,603",6,ordinary,ordinary
"24,610",41,top_5,outstanding
"24,624",6,ordinary,ordinary
"24,643",6,ordinary,ordinary
"24,647",6,ordinary,ordinary
"24,662",13,ordinary,ordinary
"24,676",6,ordinary,ordinary
"24,690",11,ordinary,ordinary
"24,704",12,top_5_10,outstanding
"24,711",6,ordinary,ordinary
"24,751",18,ordinary,ordinary
"24,760",12,ordinary,ordinary
"24,762",6,ordinary,ordinary
"24,775",6,ordinary,ordinary
"24,813",4,top_10_15,outstanding
"24,841",6,ordinary,ordinary
"24,847",6,ordinary,ordinary
"24,858",5,ordinary,ordinary
"24,869",6,ordinary,ordinary
"24,886",20,top_10_15,outstanding
"24,896",6,ordinary,ordinary
"24,899",17,ordinary,ordinary
"24,908",6,top_10_15,outstanding
"24,911",6,ordinary,ordinary
"24,918",12,ordinary,ordinary
"24,923",6,ordinary,ordinary
"24,928",6,ordinary,ordinary
"24,998",6,ordinary,ordinary
"25,013",5,top_10_15,outstanding
"25,041",6,ordinary,ordinary
"25,057",6,ordinary,ordinary
"25,059",2,ordinary,ordinary
"25,065",15,top_5,outstanding
"25,100",6,ordinary,ordinary
"25,101",6,ordinary,ordinary
"25,124",12,ordinary,ordinary
"25,142",5,ordinary,ordinary
"25,163",9,ordinary,ordinary
"25,165",6,ordinary,ordinary
"25,175",6,top_10_15,outstanding
"25,182",5,ordinary,ordinary
"25,193",6,ordinary,ordinary
"25,218",5,ordinary,ordinary
"25,241",5,ordinary,ordinary
"25,244",5,ordinary,ordinary
"25,257",12,ordinary,ordinary
"25,306",5,ordinary,ordinary
"25,330",5,ordinary,ordinary
"25,350",5,ordinary,ordinary
"25,417",5,ordinary,ordinary
"25,420",5,ordinary,ordinary
"25,424",5,ordinary,ordinary
"25,444",13,top_5,outstanding
"25,450",5,ordinary,ordinary
"25,463",4,ordinary,ordinary
"25,466",5,ordinary,ordinary
"25,477",5,ordinary,ordinary
"25,485",10,top_10_15,outstanding
"25,517",9,top_5,outstanding
"25,529",5,ordinary,ordinary
"25,530",5,ordinary,ordinary
"25,536",5,ordinary,ordinary
"25,541",5,ordinary,ordinary
"25,559",5,ordinary,ordinary
"25,562",3,ordinary,ordinary
"25,577",4,ordinary,ordinary
"25,580",5,ordinary,ordinary
"25,585",13,top_5_10,outstanding
"25,602",5,ordinary,ordinary
"25,615",5,top_5_10,outstanding
"25,633",10,ordinary,ordinary
"25,642",5,ordinary,ordinary
"25,661",5,ordinary,ordinary
"25,673",5,ordinary,ordinary
"25,698",5,top_10_15,outstanding
"25,735",5,ordinary,ordinary
"25,740",5,ordinary,ordinary
"25,774",16,top_5,outstanding
"25,779",5,ordinary,ordinary
"25,794",5,ordinary,ordinary
"25,804",5,ordinary,ordinary
"25,809",1,ordinary,ordinary
"25,905",5,ordinary,ordinary
"25,907",5,ordinary,ordinary
"25,936",14,top_5,outstanding
"25,940",5,ordinary,ordinary
"25,944",4,ordinary,ordinary
"25,959",16,ordinary,ordinary
"25,969",34,top_5_10,outstanding
"26,002",5,ordinary,ordinary
"26,036",3,ordinary,ordinary
"26,042",4,ordinary,ordinary
"26,051",4,ordinary,ordinary
"26,066",4,ordinary,ordinary
"26,079",6,top_10_15,outstanding
"26,092",4,ordinary,ordinary
"26,111",4,ordinary,ordinary
"26,118",4,ordinary,ordinary
"26,124",4,ordinary,ordinary
"26,128",5,top_10_15,outstanding
"26,136",4,ordinary,ordinary
"26,137",7,ordinary,ordinary
"26,149",52,top_5,outstanding
"26,162",17,top_5,outstanding
"26,165",4,ordinary,ordinary
"26,169",4,ordinary,ordinary
"26,175",4,ordinary,ordinary
"26,185",32,top_5,outstanding
"26,193",4,ordinary,ordinary
"26,195",11,top_10_15,outstanding
"26,209",4,ordinary,ordinary
"26,227",13,ordinary,ordinary
"26,268",6,ordinary,ordinary
"26,302",8,ordinary,ordinary
"26,303",8,ordinary,ordinary
"26,351",3,ordinary,ordinary
"26,354",4,ordinary,ordinary
"26,368",4,ordinary,ordinary
"26,371",23,top_5,outstanding
"26,391",3,ordinary,ordinary
"26,410",4,ordinary,ordinary
"26,418",4,ordinary,ordinary
"26,470",1,top_5_10,outstanding
"26,516",4,ordinary,ordinary
"26,581",6,ordinary,ordinary
"26,604",6,top_5_10,outstanding
"26,609",4,ordinary,ordinary
"26,610",4,ordinary,ordinary
"26,618",4,ordinary,ordinary
"26,626",7,ordinary,ordinary
"26,688",3,ordinary,ordinary
"26,715",7,top_5_10,outstanding
"26,735",4,ordinary,ordinary
"26,770",3,ordinary,ordinary
"26,845",3,top_10_15,outstanding
"26,858",10,ordinary,ordinary
"26,910",3,ordinary,ordinary
"26,953",18,top_5,outstanding
"26,957",2,ordinary,ordinary
"26,965",12,ordinary,ordinary
"26,997",3,ordinary,ordinary
"27,038",3,ordinary,ordinary
"27,048",3,ordinary,ordinary
"27,050",3,ordinary,ordinary
"27,052",3,ordinary,ordinary
"27,097",6,ordinary,ordinary
"27,120",3,ordinary,ordinary
"27,127",3,ordinary,ordinary
"27,142",3,ordinary,ordinary
"27,143",15,top_5_10,outstanding
"27,146",3,ordinary,ordinary
"27,147",3,ordinary,ordinary
"27,156",3,ordinary,ordinary
"27,170",3,ordinary,ordinary
"27,183",6,ordinary,ordinary
"27,219",3,ordinary,ordinary
"27,223",3,ordinary,ordinary
"27,229",2,ordinary,ordinary
"27,265",6,top_10_15,outstanding
"27,321",3,ordinary,ordinary
"27,333",6,ordinary,ordinary
"27,347",3,ordinary,ordinary
"27,369",10,top_5_10,outstanding
"27,385",2,ordinary,ordinary
"27,440",3,ordinary,ordinary
"27,469",3,ordinary,ordinary
"27,476",2,ordinary,ordinary
"27,477",3,ordinary,ordinary
"27,491",2,ordinary,ordinary
"27,511",3,top_10_15,outstanding
"27,512",3,ordinary,ordinary
"27,519",11,top_5_10,outstanding
"27,524",3,ordinary,ordinary
"27,546",3,ordinary,ordinary
"27,557",2,ordinary,ordinary
"27,558",8,ordinary,ordinary
"27,592",3,ordinary,ordinary
"27,593",3,ordinary,ordinary
"27,595",3,ordinary,ordinary
"27,608",3,ordinary,ordinary
"27,613",3,ordinary,ordinary
"27,632",2,top_5_10,outstanding
"27,652",2,ordinary,ordinary
"27,671",2,ordinary,ordinary
"27,696",2,ordinary,ordinary
"27,736",2,ordinary,ordinary
"27,747",2,ordinary,ordinary
"27,801",2,ordinary,ordinary
"27,819",2,ordinary,ordinary
"27,820",2,ordinary,ordinary
"27,873",3,ordinary,ordinary
"27,887",2,ordinary,ordinary
"27,909",4,top_5_10,outstanding
"27,921",2,ordinary,ordinary
"27,932",2,ordinary,ordinary
"27,954",2,ordinary,ordinary
"27,957",2,ordinary,ordinary
"28,004",2,ordinary,ordinary
"28,011",1,ordinary,ordinary
"28,040",2,ordinary,ordinary
"28,043",2,ordinary,ordinary
"28,060",2,ordinary,ordinary
"28,070",2,ordinary,ordinary
"28,097",1,ordinary,ordinary
"28,112",2,ordinary,ordinary
"28,114",2,ordinary,ordinary
"28,128",4,top_5_10,outstanding
"28,134",6,top_5,outstanding
"28,140",7,ordinary,ordinary
"28,167",2,ordinary,ordinary
"28,168",2,ordinary,ordinary
"28,212",2,ordinary,ordinary
"28,217",2,ordinary,ordinary
"28,234",2,ordinary,ordinary
"28,336",2,ordinary,ordinary
"28,354",2,ordinary,ordinary
"28,360",2,ordinary,ordinary
"28,397",2,top_5,outstanding
"28,402",1,ordinary,ordinary
"28,430",1,ordinary,ordinary
"28,434",1,ordinary,ordinary
"28,447",2,ordinary,ordinary
"28,469",1,ordinary,ordinary
"28,497",2,ordinary,ordinary
"28,498",1,ordinary,ordinary
"28,500",1,ordinary,ordinary
"28,508",2,ordinary,ordinary
"28,513",1,ordinary,ordinary
"28,551",1,ordinary,ordinary
"28,560",1,ordinary,ordinary
"28,564",1,ordinary,ordinary
"28,580",1,top_10_15,outstanding
"28,583",1,ordinary,ordinary
"28,590",1,ordinary,ordinary
"28,595",1,ordinary,ordinary
"28,603",1,ordinary,ordinary
"28,658",1,ordinary,ordinary
"28,659",1,ordinary,ordinary
"28,672",1,ordinary,ordinary
"28,677",1,ordinary,ordinary
"28,693",1,ordinary,ordinary
"28,733",1,ordinary,ordinary
"28,769",1,ordinary,ordinary
